<annotation>
	<folder></folder>
	<filename>001_jpg.rf.bae4d2ec2e69e266d44b97f836ca3878.jpg</filename>
	<path>001_jpg.rf.bae4d2ec2e69e266d44b97f836ca3878.jpg</path>
	<source>
		<database>roboflow.com</database>
	</source>
	<size>
		<width>512</width>
		<height>512</height>
		<depth>3</depth>
	</size>
	<segmented>0</segmented>
	<object>
		<name>Other</name>
		<pose>Unspecified</pose>
		<truncated>0</truncated>
		<difficult>0</difficult>
		<occluded>0</occluded>
		<bndbox>
			<xmin>152</xmin>
			<xmax>373</xmax>
			<ymin>72</ymin>
			<ymax>454</ymax>
		</bndbox>
	</object>
	<object>
		<name>Other</name>
		<pose>Unspecified</pose>
		<truncated>0</truncated>
		<difficult>0</difficult>
		<occluded>0</occluded>
		<bndbox>
			<xmin>146</xmin>
			<xmax>372</xmax>
			<ymin>134</ymin>
			<ymax>474</ymax>
		</bndbox>
	</object>
	<metadata>
	</metadata>
</annotation>
