<annotation>
	<folder></folder>
	<filename>001_jpg.rf.5e2c28bfc36eb45bb153334ddf31ad8f.jpg</filename>
	<path>001_jpg.rf.5e2c28bfc36eb45bb153334ddf31ad8f.jpg</path>
	<source>
		<database>roboflow.com</database>
	</source>
	<size>
		<width>512</width>
		<height>512</height>
		<depth>3</depth>
	</size>
	<segmented>0</segmented>
	<object>
		<name>Amazon</name>
		<pose>Unspecified</pose>
		<truncated>0</truncated>
		<difficult>0</difficult>
		<occluded>0</occluded>
		<bndbox>
			<xmin>250</xmin>
			<xmax>396</xmax>
			<ymin>148</ymin>
			<ymax>438</ymax>
		</bndbox>
	</object>
	<metadata>
	</metadata>
</annotation>
