<annotation>
	<folder></folder>
	<filename>001_jpg.rf.9b8873746840ec13976d75ac5c2bd8ed.jpg</filename>
	<path>001_jpg.rf.9b8873746840ec13976d75ac5c2bd8ed.jpg</path>
	<source>
		<database>roboflow.com</database>
	</source>
	<size>
		<width>496</width>
		<height>496</height>
		<depth>3</depth>
	</size>
	<segmented>0</segmented>
	<object>
		<name>Other</name>
		<pose>Unspecified</pose>
		<truncated>0</truncated>
		<difficult>0</difficult>
		<occluded>0</occluded>
		<bndbox>
			<xmin>127</xmin>
			<xmax>348</xmax>
			<ymin>54</ymin>
			<ymax>436</ymax>
		</bndbox>
	</object>
	<object>
		<name>Other</name>
		<pose>Unspecified</pose>
		<truncated>0</truncated>
		<difficult>0</difficult>
		<occluded>0</occluded>
		<bndbox>
			<xmin>128</xmin>
			<xmax>354</xmax>
			<ymin>34</ymin>
			<ymax>374</ymax>
		</bndbox>
	</object>
	<metadata>
	</metadata>
</annotation>
