<annotation>
	<folder></folder>
	<filename>001_jpg.rf.2b92259bd9b6eaa4e73fd6bda6826dca.jpg</filename>
	<path>001_jpg.rf.2b92259bd9b6eaa4e73fd6bda6826dca.jpg</path>
	<source>
		<database>roboflow.com</database>
	</source>
	<size>
		<width>466</width>
		<height>466</height>
		<depth>3</depth>
	</size>
	<segmented>0</segmented>
	<object>
		<name>Amazon</name>
		<pose>Unspecified</pose>
		<truncated>0</truncated>
		<difficult>0</difficult>
		<occluded>0</occluded>
		<bndbox>
			<xmin>81</xmin>
			<xmax>227</xmax>
			<ymin>53</ymin>
			<ymax>343</ymax>
		</bndbox>
	</object>
	<metadata>
	</metadata>
</annotation>
