<annotation>
	<folder></folder>
	<filename>001_jpg.rf.0c43a9e1078d571e2c299dc3707bbc3e.jpg</filename>
	<path>001_jpg.rf.0c43a9e1078d571e2c299dc3707bbc3e.jpg</path>
	<source>
		<database>roboflow.com</database>
	</source>
	<size>
		<width>446</width>
		<height>446</height>
		<depth>3</depth>
	</size>
	<segmented>0</segmented>
	<object>
		<name>Other</name>
		<pose>Unspecified</pose>
		<truncated>0</truncated>
		<difficult>0</difficult>
		<occluded>0</occluded>
		<bndbox>
			<xmin>102</xmin>
			<xmax>323</xmax>
			<ymin>12</ymin>
			<ymax>394</ymax>
		</bndbox>
	</object>
	<object>
		<name>Other</name>
		<pose>Unspecified</pose>
		<truncated>0</truncated>
		<difficult>0</difficult>
		<occluded>0</occluded>
		<bndbox>
			<xmin>95</xmin>
			<xmax>321</xmax>
			<ymin>1</ymin>
			<ymax>332</ymax>
		</bndbox>
	</object>
	<metadata>
	</metadata>
</annotation>
