<annotation>
	<folder></folder>
	<filename>002_jpg.rf.2c968e42c3804ab054244eeea9bb721d.jpg</filename>
	<path>002_jpg.rf.2c968e42c3804ab054244eeea9bb721d.jpg</path>
	<source>
		<database>roboflow.com</database>
	</source>
	<size>
		<width>512</width>
		<height>512</height>
		<depth>3</depth>
	</size>
	<segmented>0</segmented>
	<object>
		<name>FedEx</name>
		<pose>Unspecified</pose>
		<truncated>0</truncated>
		<difficult>0</difficult>
		<occluded>0</occluded>
		<bndbox>
			<xmin>53</xmin>
			<xmax>370</xmax>
			<ymin>60</ymin>
			<ymax>354</ymax>
		</bndbox>
	</object>
	<metadata>
	</metadata>
</annotation>
