<annotation>
	<folder></folder>
	<filename>002_jpg.rf.dd5e95ce23482aac0f8c1d593781e5af.jpg</filename>
	<path>002_jpg.rf.dd5e95ce23482aac0f8c1d593781e5af.jpg</path>
	<source>
		<database>roboflow.com</database>
	</source>
	<size>
		<width>474</width>
		<height>474</height>
		<depth>3</depth>
	</size>
	<segmented>0</segmented>
	<object>
		<name>FedEx</name>
		<pose>Unspecified</pose>
		<truncated>0</truncated>
		<difficult>0</difficult>
		<occluded>0</occluded>
		<bndbox>
			<xmin>120</xmin>
			<xmax>437</xmax>
			<ymin>33</ymin>
			<ymax>327</ymax>
		</bndbox>
	</object>
	<metadata>
	</metadata>
</annotation>
