<annotation>
	<folder></folder>
	<filename>002_jpg.rf.c536f31c9625466d55c7704b4793cc70.jpg</filename>
	<path>002_jpg.rf.c536f31c9625466d55c7704b4793cc70.jpg</path>
	<source>
		<database>roboflow.com</database>
	</source>
	<size>
		<width>492</width>
		<height>492</height>
		<depth>3</depth>
	</size>
	<segmented>0</segmented>
	<object>
		<name>Amazon</name>
		<pose>Unspecified</pose>
		<truncated>0</truncated>
		<difficult>0</difficult>
		<occluded>0</occluded>
		<bndbox>
			<xmin>192</xmin>
			<xmax>409</xmax>
			<ymin>1</ymin>
			<ymax>443</ymax>
		</bndbox>
	</object>
	<metadata>
	</metadata>
</annotation>
