<annotation>
	<folder></folder>
	<filename>002_jpg.rf.b295528e9d8e5fe3e2e36e86131a7051.jpg</filename>
	<path>002_jpg.rf.b295528e9d8e5fe3e2e36e86131a7051.jpg</path>
	<source>
		<database>roboflow.com</database>
	</source>
	<size>
		<width>512</width>
		<height>512</height>
		<depth>3</depth>
	</size>
	<segmented>0</segmented>
	<object>
		<name>Other</name>
		<pose>Unspecified</pose>
		<truncated>0</truncated>
		<difficult>0</difficult>
		<occluded>0</occluded>
		<bndbox>
			<xmin>29</xmin>
			<xmax>284</xmax>
			<ymin>102</ymin>
			<ymax>435</ymax>
		</bndbox>
	</object>
	<object>
		<name>Other</name>
		<pose>Unspecified</pose>
		<truncated>0</truncated>
		<difficult>0</difficult>
		<occluded>0</occluded>
		<bndbox>
			<xmin>305</xmin>
			<xmax>455</xmax>
			<ymin>96</ymin>
			<ymax>496</ymax>
		</bndbox>
	</object>
	<metadata>
	</metadata>
</annotation>
