<annotation>
	<folder></folder>
	<filename>002_jpg.rf.aae6d60a12e5a5040ce2887d2e207d6f.jpg</filename>
	<path>002_jpg.rf.aae6d60a12e5a5040ce2887d2e207d6f.jpg</path>
	<source>
		<database>roboflow.com</database>
	</source>
	<size>
		<width>512</width>
		<height>512</height>
		<depth>3</depth>
	</size>
	<segmented>0</segmented>
	<object>
		<name>Amazon</name>
		<pose>Unspecified</pose>
		<truncated>0</truncated>
		<difficult>0</difficult>
		<occluded>0</occluded>
		<bndbox>
			<xmin>94</xmin>
			<xmax>311</xmax>
			<ymin>60</ymin>
			<ymax>505</ymax>
		</bndbox>
	</object>
	<metadata>
	</metadata>
</annotation>
