<annotation>
	<folder></folder>
	<filename>002_jpg.rf.ef08b11dd565a6cf5a1756fb222165a9.jpg</filename>
	<path>002_jpg.rf.ef08b11dd565a6cf5a1756fb222165a9.jpg</path>
	<source>
		<database>roboflow.com</database>
	</source>
	<size>
		<width>498</width>
		<height>498</height>
		<depth>3</depth>
	</size>
	<segmented>0</segmented>
	<object>
		<name>Other</name>
		<pose>Unspecified</pose>
		<truncated>0</truncated>
		<difficult>0</difficult>
		<occluded>0</occluded>
		<bndbox>
			<xmin>22</xmin>
			<xmax>277</xmax>
			<ymin>91</ymin>
			<ymax>424</ymax>
		</bndbox>
	</object>
	<object>
		<name>Other</name>
		<pose>Unspecified</pose>
		<truncated>0</truncated>
		<difficult>0</difficult>
		<occluded>0</occluded>
		<bndbox>
			<xmin>298</xmin>
			<xmax>448</xmax>
			<ymin>85</ymin>
			<ymax>485</ymax>
		</bndbox>
	</object>
	<metadata>
	</metadata>
</annotation>
