<annotation>
	<folder></folder>
	<filename>002_jpg.rf.b594c2c6c11d0893a09c6996b7d3d9db.jpg</filename>
	<path>002_jpg.rf.b594c2c6c11d0893a09c6996b7d3d9db.jpg</path>
	<source>
		<database>roboflow.com</database>
	</source>
	<size>
		<width>468</width>
		<height>468</height>
		<depth>3</depth>
	</size>
	<segmented>0</segmented>
	<object>
		<name>FedEx</name>
		<pose>Unspecified</pose>
		<truncated>0</truncated>
		<difficult>0</difficult>
		<occluded>0</occluded>
		<bndbox>
			<xmin>105</xmin>
			<xmax>422</xmax>
			<ymin>134</ymin>
			<ymax>428</ymax>
		</bndbox>
	</object>
	<metadata>
	</metadata>
</annotation>
