<annotation>
	<folder></folder>
	<filename>002_jpg.rf.153b67983fa3783c81770b5fc54be919.jpg</filename>
	<path>002_jpg.rf.153b67983fa3783c81770b5fc54be919.jpg</path>
	<source>
		<database>roboflow.com</database>
	</source>
	<size>
		<width>474</width>
		<height>474</height>
		<depth>3</depth>
	</size>
	<segmented>0</segmented>
	<object>
		<name>Other</name>
		<pose>Unspecified</pose>
		<truncated>0</truncated>
		<difficult>0</difficult>
		<occluded>0</occluded>
		<bndbox>
			<xmin>211</xmin>
			<xmax>465</xmax>
			<ymin>84</ymin>
			<ymax>417</ymax>
		</bndbox>
	</object>
	<object>
		<name>Other</name>
		<pose>Unspecified</pose>
		<truncated>0</truncated>
		<difficult>0</difficult>
		<occluded>0</occluded>
		<bndbox>
			<xmin>40</xmin>
			<xmax>189</xmax>
			<ymin>78</ymin>
			<ymax>475</ymax>
		</bndbox>
	</object>
	<metadata>
	</metadata>
</annotation>
