<annotation>
	<folder></folder>
	<filename>002_jpg.rf.27f441b189ed4c5a047d2f7ef4030be3.jpg</filename>
	<path>002_jpg.rf.27f441b189ed4c5a047d2f7ef4030be3.jpg</path>
	<source>
		<database>roboflow.com</database>
	</source>
	<size>
		<width>482</width>
		<height>482</height>
		<depth>3</depth>
	</size>
	<segmented>0</segmented>
	<object>
		<name>Amazon</name>
		<pose>Unspecified</pose>
		<truncated>0</truncated>
		<difficult>0</difficult>
		<occluded>0</occluded>
		<bndbox>
			<xmin>68</xmin>
			<xmax>285</xmax>
			<ymin>55</ymin>
			<ymax>483</ymax>
		</bndbox>
	</object>
	<metadata>
	</metadata>
</annotation>
