<annotation>
	<folder></folder>
	<filename>003_jpg.rf.437b436349089bc15937e82bf3daa52f.jpg</filename>
	<path>003_jpg.rf.437b436349089bc15937e82bf3daa52f.jpg</path>
	<source>
		<database>roboflow.com</database>
	</source>
	<size>
		<width>482</width>
		<height>482</height>
		<depth>3</depth>
	</size>
	<segmented>0</segmented>
	<object>
		<name>Other</name>
		<pose>Unspecified</pose>
		<truncated>0</truncated>
		<difficult>0</difficult>
		<occluded>0</occluded>
		<bndbox>
			<xmin>66</xmin>
			<xmax>284</xmax>
			<ymin>210</ymin>
			<ymax>467</ymax>
		</bndbox>
	</object>
	<metadata>
	</metadata>
</annotation>
