<annotation>
	<folder></folder>
	<filename>003_jpg.rf.2b7174719df73ee2dffa6c300f495732.jpg</filename>
	<path>003_jpg.rf.2b7174719df73ee2dffa6c300f495732.jpg</path>
	<source>
		<database>roboflow.com</database>
	</source>
	<size>
		<width>512</width>
		<height>512</height>
		<depth>3</depth>
	</size>
	<segmented>0</segmented>
	<object>
		<name>Other</name>
		<pose>Unspecified</pose>
		<truncated>0</truncated>
		<difficult>0</difficult>
		<occluded>0</occluded>
		<bndbox>
			<xmin>207</xmin>
			<xmax>425</xmax>
			<ymin>214</ymin>
			<ymax>471</ymax>
		</bndbox>
	</object>
	<metadata>
	</metadata>
</annotation>
