<annotation>
	<folder></folder>
	<filename>003_jpg.rf.b71956cc56a48b7ab506b10191683d88.jpg</filename>
	<path>003_jpg.rf.b71956cc56a48b7ab506b10191683d88.jpg</path>
	<source>
		<database>roboflow.com</database>
	</source>
	<size>
		<width>482</width>
		<height>482</height>
		<depth>3</depth>
	</size>
	<segmented>0</segmented>
	<object>
		<name>Other</name>
		<pose>Unspecified</pose>
		<truncated>0</truncated>
		<difficult>0</difficult>
		<occluded>0</occluded>
		<bndbox>
			<xmin>181</xmin>
			<xmax>399</xmax>
			<ymin>207</ymin>
			<ymax>464</ymax>
		</bndbox>
	</object>
	<metadata>
	</metadata>
</annotation>
