<annotation>
	<folder></folder>
	<filename>004_jpg.rf.dcabe35b40a4d48f7a2a65d447483864.jpg</filename>
	<path>004_jpg.rf.dcabe35b40a4d48f7a2a65d447483864.jpg</path>
	<source>
		<database>roboflow.com</database>
	</source>
	<size>
		<width>512</width>
		<height>512</height>
		<depth>3</depth>
	</size>
	<segmented>0</segmented>
	<object>
		<name>Amazon</name>
		<pose>Unspecified</pose>
		<truncated>0</truncated>
		<difficult>0</difficult>
		<occluded>0</occluded>
		<bndbox>
			<xmin>165</xmin>
			<xmax>344</xmax>
			<ymin>82</ymin>
			<ymax>212</ymax>
		</bndbox>
	</object>
	<object>
		<name>Amazon</name>
		<pose>Unspecified</pose>
		<truncated>0</truncated>
		<difficult>0</difficult>
		<occluded>0</occluded>
		<bndbox>
			<xmin>132</xmin>
			<xmax>366</xmax>
			<ymin>206</ymin>
			<ymax>333</ymax>
		</bndbox>
	</object>
	<object>
		<name>Amazon</name>
		<pose>Unspecified</pose>
		<truncated>0</truncated>
		<difficult>0</difficult>
		<occluded>0</occluded>
		<bndbox>
			<xmin>123</xmin>
			<xmax>387</xmax>
			<ymin>324</ymin>
			<ymax>470</ymax>
		</bndbox>
	</object>
	<metadata>
	</metadata>
</annotation>
