<annotation>
	<folder></folder>
	<filename>004_jpg.rf.6480fa233c814f6cbcb54f0e85205022.jpg</filename>
	<path>004_jpg.rf.6480fa233c814f6cbcb54f0e85205022.jpg</path>
	<source>
		<database>roboflow.com</database>
	</source>
	<size>
		<width>472</width>
		<height>472</height>
		<depth>3</depth>
	</size>
	<segmented>0</segmented>
	<object>
		<name>Amazon</name>
		<pose>Unspecified</pose>
		<truncated>0</truncated>
		<difficult>0</difficult>
		<occluded>0</occluded>
		<bndbox>
			<xmin>169</xmin>
			<xmax>348</xmax>
			<ymin>78</ymin>
			<ymax>208</ymax>
		</bndbox>
	</object>
	<object>
		<name>Amazon</name>
		<pose>Unspecified</pose>
		<truncated>0</truncated>
		<difficult>0</difficult>
		<occluded>0</occluded>
		<bndbox>
			<xmin>147</xmin>
			<xmax>381</xmax>
			<ymin>202</ymin>
			<ymax>329</ymax>
		</bndbox>
	</object>
	<object>
		<name>Amazon</name>
		<pose>Unspecified</pose>
		<truncated>0</truncated>
		<difficult>0</difficult>
		<occluded>0</occluded>
		<bndbox>
			<xmin>126</xmin>
			<xmax>390</xmax>
			<ymin>320</ymin>
			<ymax>466</ymax>
		</bndbox>
	</object>
	<metadata>
	</metadata>
</annotation>
