<annotation>
	<folder></folder>
	<filename>004_jpg.rf.9fced35142a9c6e44c3ddd7cc9a84ef1.jpg</filename>
	<path>004_jpg.rf.9fced35142a9c6e44c3ddd7cc9a84ef1.jpg</path>
	<source>
		<database>roboflow.com</database>
	</source>
	<size>
		<width>452</width>
		<height>452</height>
		<depth>3</depth>
	</size>
	<segmented>0</segmented>
	<object>
		<name>Other</name>
		<pose>Unspecified</pose>
		<truncated>0</truncated>
		<difficult>0</difficult>
		<occluded>0</occluded>
		<bndbox>
			<xmin>168</xmin>
			<xmax>296</xmax>
			<ymin>192</ymin>
			<ymax>285</ymax>
		</bndbox>
	</object>
	<object>
		<name>Other</name>
		<pose>Unspecified</pose>
		<truncated>0</truncated>
		<difficult>0</difficult>
		<occluded>0</occluded>
		<bndbox>
			<xmin>196</xmin>
			<xmax>299</xmax>
			<ymin>54</ymin>
			<ymax>199</ymax>
		</bndbox>
	</object>
	<metadata>
	</metadata>
</annotation>
