<annotation>
	<folder></folder>
	<filename>004_jpg.rf.c5a0e09554c11935e4de1c92220b7686.jpg</filename>
	<path>004_jpg.rf.c5a0e09554c11935e4de1c92220b7686.jpg</path>
	<source>
		<database>roboflow.com</database>
	</source>
	<size>
		<width>448</width>
		<height>448</height>
		<depth>3</depth>
	</size>
	<segmented>0</segmented>
	<object>
		<name>Other</name>
		<pose>Unspecified</pose>
		<truncated>0</truncated>
		<difficult>0</difficult>
		<occluded>0</occluded>
		<bndbox>
			<xmin>181</xmin>
			<xmax>309</xmax>
			<ymin>160</ymin>
			<ymax>253</ymax>
		</bndbox>
	</object>
	<object>
		<name>Other</name>
		<pose>Unspecified</pose>
		<truncated>0</truncated>
		<difficult>0</difficult>
		<occluded>0</occluded>
		<bndbox>
			<xmin>178</xmin>
			<xmax>281</xmax>
			<ymin>246</ymin>
			<ymax>391</ymax>
		</bndbox>
	</object>
	<metadata>
	</metadata>
</annotation>
