<annotation>
	<folder></folder>
	<filename>004_jpg.rf.01e14e08a1bb30147400878608246a1e.jpg</filename>
	<path>004_jpg.rf.01e14e08a1bb30147400878608246a1e.jpg</path>
	<source>
		<database>roboflow.com</database>
	</source>
	<size>
		<width>512</width>
		<height>512</height>
		<depth>3</depth>
	</size>
	<segmented>0</segmented>
	<object>
		<name>Other</name>
		<pose>Unspecified</pose>
		<truncated>0</truncated>
		<difficult>0</difficult>
		<occluded>0</occluded>
		<bndbox>
			<xmin>215</xmin>
			<xmax>343</xmax>
			<ymin>216</ymin>
			<ymax>309</ymax>
		</bndbox>
	</object>
	<object>
		<name>Other</name>
		<pose>Unspecified</pose>
		<truncated>0</truncated>
		<difficult>0</difficult>
		<occluded>0</occluded>
		<bndbox>
			<xmin>212</xmin>
			<xmax>315</xmax>
			<ymin>302</ymin>
			<ymax>447</ymax>
		</bndbox>
	</object>
	<metadata>
	</metadata>
</annotation>
