<annotation>
	<folder></folder>
	<filename>004_jpg.rf.c5458f3840aa613acc8c35b6c0892443.jpg</filename>
	<path>004_jpg.rf.c5458f3840aa613acc8c35b6c0892443.jpg</path>
	<source>
		<database>roboflow.com</database>
	</source>
	<size>
		<width>512</width>
		<height>512</height>
		<depth>3</depth>
	</size>
	<segmented>0</segmented>
	<object>
		<name>FedEx</name>
		<pose>Unspecified</pose>
		<truncated>0</truncated>
		<difficult>0</difficult>
		<occluded>0</occluded>
		<bndbox>
			<xmin>116</xmin>
			<xmax>455</xmax>
			<ymin>85</ymin>
			<ymax>496</ymax>
		</bndbox>
	</object>
	<metadata>
	</metadata>
</annotation>
