<annotation>
	<folder></folder>
	<filename>004_jpg.rf.df53632e64c173e18d1e71a97c8005ca.jpg</filename>
	<path>004_jpg.rf.df53632e64c173e18d1e71a97c8005ca.jpg</path>
	<source>
		<database>roboflow.com</database>
	</source>
	<size>
		<width>474</width>
		<height>474</height>
		<depth>3</depth>
	</size>
	<segmented>0</segmented>
	<object>
		<name>Amazon</name>
		<pose>Unspecified</pose>
		<truncated>0</truncated>
		<difficult>0</difficult>
		<occluded>0</occluded>
		<bndbox>
			<xmin>155</xmin>
			<xmax>334</xmax>
			<ymin>47</ymin>
			<ymax>177</ymax>
		</bndbox>
	</object>
	<object>
		<name>Amazon</name>
		<pose>Unspecified</pose>
		<truncated>0</truncated>
		<difficult>0</difficult>
		<occluded>0</occluded>
		<bndbox>
			<xmin>133</xmin>
			<xmax>367</xmax>
			<ymin>171</ymin>
			<ymax>298</ymax>
		</bndbox>
	</object>
	<object>
		<name>Amazon</name>
		<pose>Unspecified</pose>
		<truncated>0</truncated>
		<difficult>0</difficult>
		<occluded>0</occluded>
		<bndbox>
			<xmin>112</xmin>
			<xmax>376</xmax>
			<ymin>289</ymin>
			<ymax>435</ymax>
		</bndbox>
	</object>
	<metadata>
	</metadata>
</annotation>
