<annotation>
	<folder></folder>
	<filename>004_jpg.rf.b4dfe3a6960c22c1b329e2869d5746f9.jpg</filename>
	<path>004_jpg.rf.b4dfe3a6960c22c1b329e2869d5746f9.jpg</path>
	<source>
		<database>roboflow.com</database>
	</source>
	<size>
		<width>484</width>
		<height>484</height>
		<depth>3</depth>
	</size>
	<segmented>0</segmented>
	<object>
		<name>FedEx</name>
		<pose>Unspecified</pose>
		<truncated>0</truncated>
		<difficult>0</difficult>
		<occluded>0</occluded>
		<bndbox>
			<xmin>114</xmin>
			<xmax>453</xmax>
			<ymin>63</ymin>
			<ymax>474</ymax>
		</bndbox>
	</object>
	<metadata>
	</metadata>
</annotation>
