<annotation>
	<folder></folder>
	<filename>005_jpg.rf.325f4d9334ce4cd1497a2b160d5fc1ed.jpg</filename>
	<path>005_jpg.rf.325f4d9334ce4cd1497a2b160d5fc1ed.jpg</path>
	<source>
		<database>roboflow.com</database>
	</source>
	<size>
		<width>452</width>
		<height>452</height>
		<depth>3</depth>
	</size>
	<segmented>0</segmented>
	<object>
		<name>Other</name>
		<pose>Unspecified</pose>
		<truncated>0</truncated>
		<difficult>0</difficult>
		<occluded>0</occluded>
		<bndbox>
			<xmin>195</xmin>
			<xmax>252</xmax>
			<ymin>168</ymin>
			<ymax>214</ymax>
		</bndbox>
	</object>
	<object>
		<name>Other</name>
		<pose>Unspecified</pose>
		<truncated>0</truncated>
		<difficult>0</difficult>
		<occluded>0</occluded>
		<bndbox>
			<xmin>182</xmin>
			<xmax>261</xmax>
			<ymin>89</ymin>
			<ymax>167</ymax>
		</bndbox>
	</object>
	<object>
		<name>Other</name>
		<pose>Unspecified</pose>
		<truncated>0</truncated>
		<difficult>0</difficult>
		<occluded>0</occluded>
		<bndbox>
			<xmin>165</xmin>
			<xmax>280</xmax>
			<ymin>1</ymin>
			<ymax>106</ymax>
		</bndbox>
	</object>
	<metadata>
	</metadata>
</annotation>
