<annotation>
	<folder></folder>
	<filename>005_jpg.rf.4067e79f8f9318f656db6c5e9d68cf27.jpg</filename>
	<path>005_jpg.rf.4067e79f8f9318f656db6c5e9d68cf27.jpg</path>
	<source>
		<database>roboflow.com</database>
	</source>
	<size>
		<width>512</width>
		<height>512</height>
		<depth>3</depth>
	</size>
	<segmented>0</segmented>
	<object>
		<name>FedEx</name>
		<pose>Unspecified</pose>
		<truncated>0</truncated>
		<difficult>0</difficult>
		<occluded>0</occluded>
		<bndbox>
			<xmin>19</xmin>
			<xmax>497</xmax>
			<ymin>9</ymin>
			<ymax>495</ymax>
		</bndbox>
	</object>
	<metadata>
	</metadata>
</annotation>
