<annotation>
	<folder></folder>
	<filename>005_jpg.rf.a6c7bcf5f22b82be0ef25c01d81acaae.jpg</filename>
	<path>005_jpg.rf.a6c7bcf5f22b82be0ef25c01d81acaae.jpg</path>
	<source>
		<database>roboflow.com</database>
	</source>
	<size>
		<width>512</width>
		<height>512</height>
		<depth>3</depth>
	</size>
	<segmented>0</segmented>
	<object>
		<name>Amazon</name>
		<pose>Unspecified</pose>
		<truncated>0</truncated>
		<difficult>0</difficult>
		<occluded>0</occluded>
		<bndbox>
			<xmin>135</xmin>
			<xmax>324</xmax>
			<ymin>86</ymin>
			<ymax>190</ymax>
		</bndbox>
	</object>
	<object>
		<name>Amazon</name>
		<pose>Unspecified</pose>
		<truncated>0</truncated>
		<difficult>0</difficult>
		<occluded>0</occluded>
		<bndbox>
			<xmin>136</xmin>
			<xmax>351</xmax>
			<ymin>173</ymin>
			<ymax>321</ymax>
		</bndbox>
	</object>
	<object>
		<name>Amazon</name>
		<pose>Unspecified</pose>
		<truncated>0</truncated>
		<difficult>0</difficult>
		<occluded>0</occluded>
		<bndbox>
			<xmin>127</xmin>
			<xmax>352</xmax>
			<ymin>262</ymin>
			<ymax>479</ymax>
		</bndbox>
	</object>
	<metadata>
	</metadata>
</annotation>
