<annotation>
	<folder></folder>
	<filename>005_jpg.rf.d3715b12d3c0fb19e114d3595d64a0a8.jpg</filename>
	<path>005_jpg.rf.d3715b12d3c0fb19e114d3595d64a0a8.jpg</path>
	<source>
		<database>roboflow.com</database>
	</source>
	<size>
		<width>480</width>
		<height>480</height>
		<depth>3</depth>
	</size>
	<segmented>0</segmented>
	<object>
		<name>Amazon</name>
		<pose>Unspecified</pose>
		<truncated>0</truncated>
		<difficult>0</difficult>
		<occluded>0</occluded>
		<bndbox>
			<xmin>181</xmin>
			<xmax>370</xmax>
			<ymin>71</ymin>
			<ymax>175</ymax>
		</bndbox>
	</object>
	<object>
		<name>Amazon</name>
		<pose>Unspecified</pose>
		<truncated>0</truncated>
		<difficult>0</difficult>
		<occluded>0</occluded>
		<bndbox>
			<xmin>154</xmin>
			<xmax>369</xmax>
			<ymin>158</ymin>
			<ymax>306</ymax>
		</bndbox>
	</object>
	<object>
		<name>Amazon</name>
		<pose>Unspecified</pose>
		<truncated>0</truncated>
		<difficult>0</difficult>
		<occluded>0</occluded>
		<bndbox>
			<xmin>153</xmin>
			<xmax>378</xmax>
			<ymin>247</ymin>
			<ymax>464</ymax>
		</bndbox>
	</object>
	<metadata>
	</metadata>
</annotation>
