<annotation>
	<folder></folder>
	<filename>005_jpg.rf.fe018f3d2d4ab0d0b926673a862a77b7.jpg</filename>
	<path>005_jpg.rf.fe018f3d2d4ab0d0b926673a862a77b7.jpg</path>
	<source>
		<database>roboflow.com</database>
	</source>
	<size>
		<width>480</width>
		<height>480</height>
		<depth>3</depth>
	</size>
	<segmented>0</segmented>
	<object>
		<name>FedEx</name>
		<pose>Unspecified</pose>
		<truncated>0</truncated>
		<difficult>0</difficult>
		<occluded>0</occluded>
		<bndbox>
			<xmin>14</xmin>
			<xmax>481</xmax>
			<ymin>8</ymin>
			<ymax>481</ymax>
		</bndbox>
	</object>
	<metadata>
	</metadata>
</annotation>
