<annotation>
	<folder></folder>
	<filename>005_jpg.rf.aa1697c92e789c83720488e719ec178f.jpg</filename>
	<path>005_jpg.rf.aa1697c92e789c83720488e719ec178f.jpg</path>
	<source>
		<database>roboflow.com</database>
	</source>
	<size>
		<width>476</width>
		<height>476</height>
		<depth>3</depth>
	</size>
	<segmented>0</segmented>
	<object>
		<name>Other</name>
		<pose>Unspecified</pose>
		<truncated>0</truncated>
		<difficult>0</difficult>
		<occluded>0</occluded>
		<bndbox>
			<xmin>176</xmin>
			<xmax>233</xmax>
			<ymin>183</ymin>
			<ymax>229</ymax>
		</bndbox>
	</object>
	<object>
		<name>Other</name>
		<pose>Unspecified</pose>
		<truncated>0</truncated>
		<difficult>0</difficult>
		<occluded>0</occluded>
		<bndbox>
			<xmin>163</xmin>
			<xmax>242</xmax>
			<ymin>104</ymin>
			<ymax>182</ymax>
		</bndbox>
	</object>
	<object>
		<name>Other</name>
		<pose>Unspecified</pose>
		<truncated>0</truncated>
		<difficult>0</difficult>
		<occluded>0</occluded>
		<bndbox>
			<xmin>146</xmin>
			<xmax>261</xmax>
			<ymin>12</ymin>
			<ymax>121</ymax>
		</bndbox>
	</object>
	<metadata>
	</metadata>
</annotation>
