<annotation>
	<folder></folder>
	<filename>005_jpg.rf.9ea96a66589898584fd046008b9827de.jpg</filename>
	<path>005_jpg.rf.9ea96a66589898584fd046008b9827de.jpg</path>
	<source>
		<database>roboflow.com</database>
	</source>
	<size>
		<width>512</width>
		<height>512</height>
		<depth>3</depth>
	</size>
	<segmented>0</segmented>
	<object>
		<name>Other</name>
		<pose>Unspecified</pose>
		<truncated>0</truncated>
		<difficult>0</difficult>
		<occluded>0</occluded>
		<bndbox>
			<xmin>246</xmin>
			<xmax>303</xmax>
			<ymin>281</ymin>
			<ymax>327</ymax>
		</bndbox>
	</object>
	<object>
		<name>Other</name>
		<pose>Unspecified</pose>
		<truncated>0</truncated>
		<difficult>0</difficult>
		<occluded>0</occluded>
		<bndbox>
			<xmin>237</xmin>
			<xmax>316</xmax>
			<ymin>328</ymin>
			<ymax>406</ymax>
		</bndbox>
	</object>
	<object>
		<name>Other</name>
		<pose>Unspecified</pose>
		<truncated>0</truncated>
		<difficult>0</difficult>
		<occluded>0</occluded>
		<bndbox>
			<xmin>218</xmin>
			<xmax>333</xmax>
			<ymin>389</ymin>
			<ymax>498</ymax>
		</bndbox>
	</object>
	<metadata>
	</metadata>
</annotation>
