<annotation>
	<folder></folder>
	<filename>005_jpg.rf.de12d2a2158ae0d9f16aeed33dece1fc.jpg</filename>
	<path>005_jpg.rf.de12d2a2158ae0d9f16aeed33dece1fc.jpg</path>
	<source>
		<database>roboflow.com</database>
	</source>
	<size>
		<width>448</width>
		<height>448</height>
		<depth>3</depth>
	</size>
	<segmented>0</segmented>
	<object>
		<name>FedEx</name>
		<pose>Unspecified</pose>
		<truncated>0</truncated>
		<difficult>0</difficult>
		<occluded>0</occluded>
		<bndbox>
			<xmin>1</xmin>
			<xmax>444</xmax>
			<ymin>1</ymin>
			<ymax>449</ymax>
		</bndbox>
	</object>
	<metadata>
	</metadata>
</annotation>
