<annotation>
	<folder></folder>
	<filename>005_jpg.rf.334d4de6d51b25e5e635be163f181584.jpg</filename>
	<path>005_jpg.rf.334d4de6d51b25e5e635be163f181584.jpg</path>
	<source>
		<database>roboflow.com</database>
	</source>
	<size>
		<width>462</width>
		<height>462</height>
		<depth>3</depth>
	</size>
	<segmented>0</segmented>
	<object>
		<name>Amazon</name>
		<pose>Unspecified</pose>
		<truncated>0</truncated>
		<difficult>0</difficult>
		<occluded>0</occluded>
		<bndbox>
			<xmin>153</xmin>
			<xmax>342</xmax>
			<ymin>284</ymin>
			<ymax>388</ymax>
		</bndbox>
	</object>
	<object>
		<name>Amazon</name>
		<pose>Unspecified</pose>
		<truncated>0</truncated>
		<difficult>0</difficult>
		<occluded>0</occluded>
		<bndbox>
			<xmin>126</xmin>
			<xmax>341</xmax>
			<ymin>153</ymin>
			<ymax>301</ymax>
		</bndbox>
	</object>
	<object>
		<name>Amazon</name>
		<pose>Unspecified</pose>
		<truncated>0</truncated>
		<difficult>0</difficult>
		<occluded>0</occluded>
		<bndbox>
			<xmin>126</xmin>
			<xmax>350</xmax>
			<ymin>1</ymin>
			<ymax>212</ymax>
		</bndbox>
	</object>
	<metadata>
	</metadata>
</annotation>
