<annotation>
	<folder></folder>
	<filename>006_jpg.rf.215247bf7fb0ee7d0d260b815e79a9aa.jpg</filename>
	<path>006_jpg.rf.215247bf7fb0ee7d0d260b815e79a9aa.jpg</path>
	<source>
		<database>roboflow.com</database>
	</source>
	<size>
		<width>482</width>
		<height>482</height>
		<depth>3</depth>
	</size>
	<segmented>0</segmented>
	<object>
		<name>Other</name>
		<pose>Unspecified</pose>
		<truncated>0</truncated>
		<difficult>0</difficult>
		<occluded>0</occluded>
		<bndbox>
			<xmin>11</xmin>
			<xmax>271</xmax>
			<ymin>41</ymin>
			<ymax>433</ymax>
		</bndbox>
	</object>
	<metadata>
	</metadata>
</annotation>
