<annotation>
	<folder></folder>
	<filename>006_jpg.rf.56eb5f5d395dac06bcceed65f08009ef.jpg</filename>
	<path>006_jpg.rf.56eb5f5d395dac06bcceed65f08009ef.jpg</path>
	<source>
		<database>roboflow.com</database>
	</source>
	<size>
		<width>498</width>
		<height>498</height>
		<depth>3</depth>
	</size>
	<segmented>0</segmented>
	<object>
		<name>Amazon</name>
		<pose>Unspecified</pose>
		<truncated>0</truncated>
		<difficult>0</difficult>
		<occluded>0</occluded>
		<bndbox>
			<xmin>96</xmin>
			<xmax>303</xmax>
			<ymin>237</ymin>
			<ymax>415</ymax>
		</bndbox>
	</object>
	<metadata>
	</metadata>
</annotation>
