<annotation>
	<folder></folder>
	<filename>006_jpg.rf.80c01c57dc54a2cfad907a86764dd44b.jpg</filename>
	<path>006_jpg.rf.80c01c57dc54a2cfad907a86764dd44b.jpg</path>
	<source>
		<database>roboflow.com</database>
	</source>
	<size>
		<width>506</width>
		<height>506</height>
		<depth>3</depth>
	</size>
	<segmented>0</segmented>
	<object>
		<name>FedEx</name>
		<pose>Unspecified</pose>
		<truncated>0</truncated>
		<difficult>0</difficult>
		<occluded>0</occluded>
		<bndbox>
			<xmin>58</xmin>
			<xmax>484</xmax>
			<ymin>110</ymin>
			<ymax>427</ymax>
		</bndbox>
	</object>
	<metadata>
	</metadata>
</annotation>
