<annotation>
	<folder></folder>
	<filename>006_jpg.rf.ebd743a3c41a1c6dd5f6544813aa7447.jpg</filename>
	<path>006_jpg.rf.ebd743a3c41a1c6dd5f6544813aa7447.jpg</path>
	<source>
		<database>roboflow.com</database>
	</source>
	<size>
		<width>512</width>
		<height>512</height>
		<depth>3</depth>
	</size>
	<segmented>0</segmented>
	<object>
		<name>FedEx</name>
		<pose>Unspecified</pose>
		<truncated>0</truncated>
		<difficult>0</difficult>
		<occluded>0</occluded>
		<bndbox>
			<xmin>63</xmin>
			<xmax>489</xmax>
			<ymin>114</ymin>
			<ymax>431</ymax>
		</bndbox>
	</object>
	<metadata>
	</metadata>
</annotation>
