<annotation>
	<folder></folder>
	<filename>006_jpg.rf.45335d03910e1c9e6e0b68a5a32cbbb8.jpg</filename>
	<path>006_jpg.rf.45335d03910e1c9e6e0b68a5a32cbbb8.jpg</path>
	<source>
		<database>roboflow.com</database>
	</source>
	<size>
		<width>460</width>
		<height>460</height>
		<depth>3</depth>
	</size>
	<segmented>0</segmented>
	<object>
		<name>Amazon</name>
		<pose>Unspecified</pose>
		<truncated>0</truncated>
		<difficult>0</difficult>
		<occluded>0</occluded>
		<bndbox>
			<xmin>160</xmin>
			<xmax>367</xmax>
			<ymin>88</ymin>
			<ymax>266</ymax>
		</bndbox>
	</object>
	<metadata>
	</metadata>
</annotation>
