<annotation>
	<folder></folder>
	<filename>006_jpg.rf.05c7761f6dd2580dfd0b41fd3fc693ac.jpg</filename>
	<path>006_jpg.rf.05c7761f6dd2580dfd0b41fd3fc693ac.jpg</path>
	<source>
		<database>roboflow.com</database>
	</source>
	<size>
		<width>512</width>
		<height>512</height>
		<depth>3</depth>
	</size>
	<segmented>0</segmented>
	<object>
		<name>Other</name>
		<pose>Unspecified</pose>
		<truncated>0</truncated>
		<difficult>0</difficult>
		<occluded>0</occluded>
		<bndbox>
			<xmin>19</xmin>
			<xmax>279</xmax>
			<ymin>61</ymin>
			<ymax>453</ymax>
		</bndbox>
	</object>
	<metadata>
	</metadata>
</annotation>
