<annotation>
	<folder></folder>
	<filename>006_jpg.rf.4bb64218646d761af090db06152a6b8b.jpg</filename>
	<path>006_jpg.rf.4bb64218646d761af090db06152a6b8b.jpg</path>
	<source>
		<database>roboflow.com</database>
	</source>
	<size>
		<width>492</width>
		<height>492</height>
		<depth>3</depth>
	</size>
	<segmented>0</segmented>
	<object>
		<name>FedEx</name>
		<pose>Unspecified</pose>
		<truncated>0</truncated>
		<difficult>0</difficult>
		<occluded>0</occluded>
		<bndbox>
			<xmin>45</xmin>
			<xmax>471</xmax>
			<ymin>105</ymin>
			<ymax>422</ymax>
		</bndbox>
	</object>
	<metadata>
	</metadata>
</annotation>
