<annotation>
	<folder></folder>
	<filename>006_jpg.rf.4c1fc6747dee84839d4d27d2fda63b21.jpg</filename>
	<path>006_jpg.rf.4c1fc6747dee84839d4d27d2fda63b21.jpg</path>
	<source>
		<database>roboflow.com</database>
	</source>
	<size>
		<width>480</width>
		<height>480</height>
		<depth>3</depth>
	</size>
	<segmented>0</segmented>
	<object>
		<name>Other</name>
		<pose>Unspecified</pose>
		<truncated>0</truncated>
		<difficult>0</difficult>
		<occluded>0</occluded>
		<bndbox>
			<xmin>16</xmin>
			<xmax>276</xmax>
			<ymin>61</ymin>
			<ymax>453</ymax>
		</bndbox>
	</object>
	<metadata>
	</metadata>
</annotation>
