<annotation>
	<folder></folder>
	<filename>006_jpg.rf.3235ce7e5eb99959a07c9235a079e742.jpg</filename>
	<path>006_jpg.rf.3235ce7e5eb99959a07c9235a079e742.jpg</path>
	<source>
		<database>roboflow.com</database>
	</source>
	<size>
		<width>512</width>
		<height>512</height>
		<depth>3</depth>
	</size>
	<segmented>0</segmented>
	<object>
		<name>Amazon</name>
		<pose>Unspecified</pose>
		<truncated>0</truncated>
		<difficult>0</difficult>
		<occluded>0</occluded>
		<bndbox>
			<xmin>105</xmin>
			<xmax>312</xmax>
			<ymin>246</ymin>
			<ymax>424</ymax>
		</bndbox>
	</object>
	<metadata>
	</metadata>
</annotation>
