<annotation>
	<folder></folder>
	<filename>007_jpg.rf.5e6e318d328f01fb2a3389492020b02b.jpg</filename>
	<path>007_jpg.rf.5e6e318d328f01fb2a3389492020b02b.jpg</path>
	<source>
		<database>roboflow.com</database>
	</source>
	<size>
		<width>462</width>
		<height>462</height>
		<depth>3</depth>
	</size>
	<segmented>0</segmented>
	<object>
		<name>Amazon</name>
		<pose>Unspecified</pose>
		<truncated>0</truncated>
		<difficult>0</difficult>
		<occluded>0</occluded>
		<bndbox>
			<xmin>29</xmin>
			<xmax>419</xmax>
			<ymin>40</ymin>
			<ymax>340</ymax>
		</bndbox>
	</object>
	<metadata>
	</metadata>
</annotation>
