<annotation>
	<folder></folder>
	<filename>007_jpg.rf.d71dee70de4324aca05492c20bc52bd0.jpg</filename>
	<path>007_jpg.rf.d71dee70de4324aca05492c20bc52bd0.jpg</path>
	<source>
		<database>roboflow.com</database>
	</source>
	<size>
		<width>504</width>
		<height>504</height>
		<depth>3</depth>
	</size>
	<segmented>0</segmented>
	<object>
		<name>FedEx</name>
		<pose>Unspecified</pose>
		<truncated>0</truncated>
		<difficult>0</difficult>
		<occluded>0</occluded>
		<bndbox>
			<xmin>144</xmin>
			<xmax>505</xmax>
			<ymin>1</ymin>
			<ymax>293</ymax>
		</bndbox>
	</object>
	<object>
		<name>FedEx</name>
		<pose>Unspecified</pose>
		<truncated>0</truncated>
		<difficult>0</difficult>
		<occluded>0</occluded>
		<bndbox>
			<xmin>7</xmin>
			<xmax>505</xmax>
			<ymin>20</ymin>
			<ymax>505</ymax>
		</bndbox>
	</object>
	<metadata>
	</metadata>
</annotation>
