<annotation>
	<folder></folder>
	<filename>007_jpg.rf.fbc9c4e0286286b28b28338973250d3c.jpg</filename>
	<path>007_jpg.rf.fbc9c4e0286286b28b28338973250d3c.jpg</path>
	<source>
		<database>roboflow.com</database>
	</source>
	<size>
		<width>512</width>
		<height>512</height>
		<depth>3</depth>
	</size>
	<segmented>0</segmented>
	<object>
		<name>Amazon</name>
		<pose>Unspecified</pose>
		<truncated>0</truncated>
		<difficult>0</difficult>
		<occluded>0</occluded>
		<bndbox>
			<xmin>69</xmin>
			<xmax>459</xmax>
			<ymin>87</ymin>
			<ymax>387</ymax>
		</bndbox>
	</object>
	<metadata>
	</metadata>
</annotation>
