<annotation>
	<folder></folder>
	<filename>007_jpg.rf.04098e742e277239325814c865784731.jpg</filename>
	<path>007_jpg.rf.04098e742e277239325814c865784731.jpg</path>
	<source>
		<database>roboflow.com</database>
	</source>
	<size>
		<width>492</width>
		<height>492</height>
		<depth>3</depth>
	</size>
	<segmented>0</segmented>
	<object>
		<name>Amazon</name>
		<pose>Unspecified</pose>
		<truncated>0</truncated>
		<difficult>0</difficult>
		<occluded>0</occluded>
		<bndbox>
			<xmin>50</xmin>
			<xmax>440</xmax>
			<ymin>74</ymin>
			<ymax>374</ymax>
		</bndbox>
	</object>
	<metadata>
	</metadata>
</annotation>
