<annotation>
	<folder></folder>
	<filename>007_jpg.rf.23bc7b66140d9219c7aa52c861497cd1.jpg</filename>
	<path>007_jpg.rf.23bc7b66140d9219c7aa52c861497cd1.jpg</path>
	<source>
		<database>roboflow.com</database>
	</source>
	<size>
		<width>448</width>
		<height>448</height>
		<depth>3</depth>
	</size>
	<segmented>0</segmented>
	<object>
		<name>FedEx</name>
		<pose>Unspecified</pose>
		<truncated>0</truncated>
		<difficult>0</difficult>
		<occluded>0</occluded>
		<bndbox>
			<xmin>1</xmin>
			<xmax>321</xmax>
			<ymin>171</ymin>
			<ymax>449</ymax>
		</bndbox>
	</object>
	<object>
		<name>FedEx</name>
		<pose>Unspecified</pose>
		<truncated>0</truncated>
		<difficult>0</difficult>
		<occluded>0</occluded>
		<bndbox>
			<xmin>1</xmin>
			<xmax>449</xmax>
			<ymin>1</ymin>
			<ymax>444</ymax>
		</bndbox>
	</object>
	<metadata>
	</metadata>
</annotation>
