<annotation>
	<folder></folder>
	<filename>008_jpg.rf.45aecbd7eeb2f33b693ba52b3dca0a4d.jpg</filename>
	<path>008_jpg.rf.45aecbd7eeb2f33b693ba52b3dca0a4d.jpg</path>
	<source>
		<database>roboflow.com</database>
	</source>
	<size>
		<width>512</width>
		<height>512</height>
		<depth>3</depth>
	</size>
	<segmented>0</segmented>
	<object>
		<name>FedEx</name>
		<pose>Unspecified</pose>
		<truncated>0</truncated>
		<difficult>0</difficult>
		<occluded>0</occluded>
		<bndbox>
			<xmin>211</xmin>
			<xmax>471</xmax>
			<ymin>245</ymin>
			<ymax>491</ymax>
		</bndbox>
	</object>
	<object>
		<name>FedEx</name>
		<pose>Unspecified</pose>
		<truncated>0</truncated>
		<difficult>0</difficult>
		<occluded>0</occluded>
		<bndbox>
			<xmin>32</xmin>
			<xmax>300</xmax>
			<ymin>3</ymin>
			<ymax>212</ymax>
		</bndbox>
	</object>
	<object>
		<name>FedEx</name>
		<pose>Unspecified</pose>
		<truncated>0</truncated>
		<difficult>0</difficult>
		<occluded>0</occluded>
		<bndbox>
			<xmin>41</xmin>
			<xmax>296</xmax>
			<ymin>189</ymin>
			<ymax>372</ymax>
		</bndbox>
	</object>
	<object>
		<name>FedEx</name>
		<pose>Unspecified</pose>
		<truncated>0</truncated>
		<difficult>0</difficult>
		<occluded>0</occluded>
		<bndbox>
			<xmin>283</xmin>
			<xmax>497</xmax>
			<ymin>63</ymin>
			<ymax>258</ymax>
		</bndbox>
	</object>
	<metadata>
	</metadata>
</annotation>
