<annotation>
	<folder></folder>
	<filename>008_jpg.rf.b6e55aeb8ffe14eeed734eb63a090be3.jpg</filename>
	<path>008_jpg.rf.b6e55aeb8ffe14eeed734eb63a090be3.jpg</path>
	<source>
		<database>roboflow.com</database>
	</source>
	<size>
		<width>482</width>
		<height>482</height>
		<depth>3</depth>
	</size>
	<segmented>0</segmented>
	<object>
		<name>FedEx</name>
		<pose>Unspecified</pose>
		<truncated>0</truncated>
		<difficult>0</difficult>
		<occluded>0</occluded>
		<bndbox>
			<xmin>14</xmin>
			<xmax>274</xmax>
			<ymin>15</ymin>
			<ymax>261</ymax>
		</bndbox>
	</object>
	<object>
		<name>FedEx</name>
		<pose>Unspecified</pose>
		<truncated>0</truncated>
		<difficult>0</difficult>
		<occluded>0</occluded>
		<bndbox>
			<xmin>186</xmin>
			<xmax>453</xmax>
			<ymin>295</ymin>
			<ymax>483</ymax>
		</bndbox>
	</object>
	<object>
		<name>FedEx</name>
		<pose>Unspecified</pose>
		<truncated>0</truncated>
		<difficult>0</difficult>
		<occluded>0</occluded>
		<bndbox>
			<xmin>189</xmin>
			<xmax>444</xmax>
			<ymin>134</ymin>
			<ymax>317</ymax>
		</bndbox>
	</object>
	<object>
		<name>FedEx</name>
		<pose>Unspecified</pose>
		<truncated>0</truncated>
		<difficult>0</difficult>
		<occluded>0</occluded>
		<bndbox>
			<xmin>1</xmin>
			<xmax>202</xmax>
			<ymin>249</ymin>
			<ymax>443</ymax>
		</bndbox>
	</object>
	<metadata>
	</metadata>
</annotation>
