<annotation>
	<folder></folder>
	<filename>008_jpg.rf.18b54a51aa92f393b996f1d5cd854d10.jpg</filename>
	<path>008_jpg.rf.18b54a51aa92f393b996f1d5cd854d10.jpg</path>
	<source>
		<database>roboflow.com</database>
	</source>
	<size>
		<width>466</width>
		<height>466</height>
		<depth>3</depth>
	</size>
	<segmented>0</segmented>
	<object>
		<name>Amazon</name>
		<pose>Unspecified</pose>
		<truncated>0</truncated>
		<difficult>0</difficult>
		<occluded>0</occluded>
		<bndbox>
			<xmin>16</xmin>
			<xmax>467</xmax>
			<ymin>116</ymin>
			<ymax>413</ymax>
		</bndbox>
	</object>
	<metadata>
	</metadata>
</annotation>
