<annotation>
	<folder></folder>
	<filename>008_jpg.rf.bc4b43fd44ad98d76f7fdf0ceb36162e.jpg</filename>
	<path>008_jpg.rf.bc4b43fd44ad98d76f7fdf0ceb36162e.jpg</path>
	<source>
		<database>roboflow.com</database>
	</source>
	<size>
		<width>448</width>
		<height>448</height>
		<depth>3</depth>
	</size>
	<segmented>0</segmented>
	<object>
		<name>Amazon</name>
		<pose>Unspecified</pose>
		<truncated>0</truncated>
		<difficult>0</difficult>
		<occluded>0</occluded>
		<bndbox>
			<xmin>1</xmin>
			<xmax>444</xmax>
			<ymin>111</ymin>
			<ymax>408</ymax>
		</bndbox>
	</object>
	<metadata>
	</metadata>
</annotation>
