<annotation>
	<folder></folder>
	<filename>008_jpg.rf.34767750955fe6d540d01badf22ea682.jpg</filename>
	<path>008_jpg.rf.34767750955fe6d540d01badf22ea682.jpg</path>
	<source>
		<database>roboflow.com</database>
	</source>
	<size>
		<width>512</width>
		<height>512</height>
		<depth>3</depth>
	</size>
	<segmented>0</segmented>
	<object>
		<name>Amazon</name>
		<pose>Unspecified</pose>
		<truncated>0</truncated>
		<difficult>0</difficult>
		<occluded>0</occluded>
		<bndbox>
			<xmin>40</xmin>
			<xmax>492</xmax>
			<ymin>131</ymin>
			<ymax>427</ymax>
		</bndbox>
	</object>
	<metadata>
	</metadata>
</annotation>
