<annotation>
	<folder></folder>
	<filename>009_jpg.rf.f113f810b1ca7bf226e817457d04f2cb.jpg</filename>
	<path>009_jpg.rf.f113f810b1ca7bf226e817457d04f2cb.jpg</path>
	<source>
		<database>roboflow.com</database>
	</source>
	<size>
		<width>452</width>
		<height>452</height>
		<depth>3</depth>
	</size>
	<segmented>0</segmented>
	<object>
		<name>Amazon</name>
		<pose>Unspecified</pose>
		<truncated>0</truncated>
		<difficult>0</difficult>
		<occluded>0</occluded>
		<bndbox>
			<xmin>40</xmin>
			<xmax>453</xmax>
			<ymin>1</ymin>
			<ymax>453</ymax>
		</bndbox>
	</object>
	<metadata>
	</metadata>
</annotation>
