<annotation>
	<folder></folder>
	<filename>009_jpg.rf.b70bd2b51cec3a3e187ae5783b092e96.jpg</filename>
	<path>009_jpg.rf.b70bd2b51cec3a3e187ae5783b092e96.jpg</path>
	<source>
		<database>roboflow.com</database>
	</source>
	<size>
		<width>492</width>
		<height>492</height>
		<depth>3</depth>
	</size>
	<segmented>0</segmented>
	<object>
		<name>Amazon</name>
		<pose>Unspecified</pose>
		<truncated>0</truncated>
		<difficult>0</difficult>
		<occluded>0</occluded>
		<bndbox>
			<xmin>39</xmin>
			<xmax>460</xmax>
			<ymin>37</ymin>
			<ymax>493</ymax>
		</bndbox>
	</object>
	<metadata>
	</metadata>
</annotation>
