<annotation>
	<folder></folder>
	<filename>009_jpg.rf.d7ae2879b7ba13fd1b188caf9d187fbf.jpg</filename>
	<path>009_jpg.rf.d7ae2879b7ba13fd1b188caf9d187fbf.jpg</path>
	<source>
		<database>roboflow.com</database>
	</source>
	<size>
		<width>504</width>
		<height>504</height>
		<depth>3</depth>
	</size>
	<segmented>0</segmented>
	<object>
		<name>FedEx</name>
		<pose>Unspecified</pose>
		<truncated>0</truncated>
		<difficult>0</difficult>
		<occluded>0</occluded>
		<bndbox>
			<xmin>100</xmin>
			<xmax>321</xmax>
			<ymin>163</ymin>
			<ymax>474</ymax>
		</bndbox>
	</object>
	<metadata>
	</metadata>
</annotation>
