<annotation>
	<folder></folder>
	<filename>009_jpg.rf.10015a0117903d1b9df28bf2bff3eabb.jpg</filename>
	<path>009_jpg.rf.10015a0117903d1b9df28bf2bff3eabb.jpg</path>
	<source>
		<database>roboflow.com</database>
	</source>
	<size>
		<width>512</width>
		<height>512</height>
		<depth>3</depth>
	</size>
	<segmented>0</segmented>
	<object>
		<name>FedEx</name>
		<pose>Unspecified</pose>
		<truncated>0</truncated>
		<difficult>0</difficult>
		<occluded>0</occluded>
		<bndbox>
			<xmin>190</xmin>
			<xmax>411</xmax>
			<ymin>166</ymin>
			<ymax>477</ymax>
		</bndbox>
	</object>
	<metadata>
	</metadata>
</annotation>
