<annotation>
	<folder></folder>
	<filename>009_jpg.rf.b3106416fb8eb474fc59e7cef27fc476.jpg</filename>
	<path>009_jpg.rf.b3106416fb8eb474fc59e7cef27fc476.jpg</path>
	<source>
		<database>roboflow.com</database>
	</source>
	<size>
		<width>512</width>
		<height>512</height>
		<depth>3</depth>
	</size>
	<segmented>0</segmented>
	<object>
		<name>Amazon</name>
		<pose>Unspecified</pose>
		<truncated>0</truncated>
		<difficult>0</difficult>
		<occluded>0</occluded>
		<bndbox>
			<xmin>52</xmin>
			<xmax>472</xmax>
			<ymin>2</ymin>
			<ymax>474</ymax>
		</bndbox>
	</object>
	<metadata>
	</metadata>
</annotation>
