<annotation>
	<folder></folder>
	<filename>009_jpg.rf.15cad6368cb55e98ecf02068d78ab5e6.jpg</filename>
	<path>009_jpg.rf.15cad6368cb55e98ecf02068d78ab5e6.jpg</path>
	<source>
		<database>roboflow.com</database>
	</source>
	<size>
		<width>460</width>
		<height>460</height>
		<depth>3</depth>
	</size>
	<segmented>0</segmented>
	<object>
		<name>FedEx</name>
		<pose>Unspecified</pose>
		<truncated>0</truncated>
		<difficult>0</difficult>
		<occluded>0</occluded>
		<bndbox>
			<xmin>81</xmin>
			<xmax>302</xmax>
			<ymin>141</ymin>
			<ymax>452</ymax>
		</bndbox>
	</object>
	<metadata>
	</metadata>
</annotation>
