<annotation>
	<folder></folder>
	<filename>010_jpg.rf.418d662ccc082a9a2005df22a154bde2.jpg</filename>
	<path>010_jpg.rf.418d662ccc082a9a2005df22a154bde2.jpg</path>
	<source>
		<database>roboflow.com</database>
	</source>
	<size>
		<width>492</width>
		<height>492</height>
		<depth>3</depth>
	</size>
	<segmented>0</segmented>
	<object>
		<name>Other</name>
		<pose>Unspecified</pose>
		<truncated>0</truncated>
		<difficult>0</difficult>
		<occluded>0</occluded>
		<bndbox>
			<xmin>190</xmin>
			<xmax>479</xmax>
			<ymin>213</ymin>
			<ymax>475</ymax>
		</bndbox>
	</object>
	<metadata>
	</metadata>
</annotation>
