<annotation>
	<folder></folder>
	<filename>010_jpg.rf.e311f9c2c93ae9e48323c3d51e97475b.jpg</filename>
	<path>010_jpg.rf.e311f9c2c93ae9e48323c3d51e97475b.jpg</path>
	<source>
		<database>roboflow.com</database>
	</source>
	<size>
		<width>506</width>
		<height>506</height>
		<depth>3</depth>
	</size>
	<segmented>0</segmented>
	<object>
		<name>Other</name>
		<pose>Unspecified</pose>
		<truncated>0</truncated>
		<difficult>0</difficult>
		<occluded>0</occluded>
		<bndbox>
			<xmin>203</xmin>
			<xmax>492</xmax>
			<ymin>25</ymin>
			<ymax>287</ymax>
		</bndbox>
	</object>
	<metadata>
	</metadata>
</annotation>
