<annotation>
	<folder></folder>
	<filename>010_jpg.rf.6fb4671db06d44bd2e409653f087f3f0.jpg</filename>
	<path>010_jpg.rf.6fb4671db06d44bd2e409653f087f3f0.jpg</path>
	<source>
		<database>roboflow.com</database>
	</source>
	<size>
		<width>512</width>
		<height>512</height>
		<depth>3</depth>
	</size>
	<segmented>0</segmented>
	<object>
		<name>Amazon</name>
		<pose>Unspecified</pose>
		<truncated>0</truncated>
		<difficult>0</difficult>
		<occluded>0</occluded>
		<bndbox>
			<xmin>190</xmin>
			<xmax>462</xmax>
			<ymin>58</ymin>
			<ymax>460</ymax>
		</bndbox>
	</object>
	<metadata>
	</metadata>
</annotation>
