<annotation>
	<folder></folder>
	<filename>010_jpg.rf.b39a45e4bda83dd8d155aa03873e25c1.jpg</filename>
	<path>010_jpg.rf.b39a45e4bda83dd8d155aa03873e25c1.jpg</path>
	<source>
		<database>roboflow.com</database>
	</source>
	<size>
		<width>512</width>
		<height>512</height>
		<depth>3</depth>
	</size>
	<segmented>0</segmented>
	<object>
		<name>Other</name>
		<pose>Unspecified</pose>
		<truncated>0</truncated>
		<difficult>0</difficult>
		<occluded>0</occluded>
		<bndbox>
			<xmin>20</xmin>
			<xmax>309</xmax>
			<ymin>221</ymin>
			<ymax>483</ymax>
		</bndbox>
	</object>
	<metadata>
	</metadata>
</annotation>
