<annotation>
	<folder></folder>
	<filename>010_jpg.rf.f5fa90ad70c839728cbc160b8c9323fc.jpg</filename>
	<path>010_jpg.rf.f5fa90ad70c839728cbc160b8c9323fc.jpg</path>
	<source>
		<database>roboflow.com</database>
	</source>
	<size>
		<width>466</width>
		<height>466</height>
		<depth>3</depth>
	</size>
	<segmented>0</segmented>
	<object>
		<name>Amazon</name>
		<pose>Unspecified</pose>
		<truncated>0</truncated>
		<difficult>0</difficult>
		<occluded>0</occluded>
		<bndbox>
			<xmin>20</xmin>
			<xmax>292</xmax>
			<ymin>14</ymin>
			<ymax>416</ymax>
		</bndbox>
	</object>
	<metadata>
	</metadata>
</annotation>
