<annotation>
	<folder></folder>
	<filename>011_jpg.rf.f7b41fba815ccefac81610bd31896ee9.jpg</filename>
	<path>011_jpg.rf.f7b41fba815ccefac81610bd31896ee9.jpg</path>
	<source>
		<database>roboflow.com</database>
	</source>
	<size>
		<width>482</width>
		<height>482</height>
		<depth>3</depth>
	</size>
	<segmented>0</segmented>
	<object>
		<name>Amazon</name>
		<pose>Unspecified</pose>
		<truncated>0</truncated>
		<difficult>0</difficult>
		<occluded>0</occluded>
		<bndbox>
			<xmin>55</xmin>
			<xmax>458</xmax>
			<ymin>63</ymin>
			<ymax>418</ymax>
		</bndbox>
	</object>
	<metadata>
	</metadata>
</annotation>
