<annotation>
	<folder></folder>
	<filename>011_jpg.rf.38492ffe64239c3200b514ef2bb7e817.jpg</filename>
	<path>011_jpg.rf.38492ffe64239c3200b514ef2bb7e817.jpg</path>
	<source>
		<database>roboflow.com</database>
	</source>
	<size>
		<width>492</width>
		<height>492</height>
		<depth>3</depth>
	</size>
	<segmented>0</segmented>
	<object>
		<name>FedEx</name>
		<pose>Unspecified</pose>
		<truncated>0</truncated>
		<difficult>0</difficult>
		<occluded>0</occluded>
		<bndbox>
			<xmin>326</xmin>
			<xmax>493</xmax>
			<ymin>99</ymin>
			<ymax>493</ymax>
		</bndbox>
	</object>
	<object>
		<name>FedEx</name>
		<pose>Unspecified</pose>
		<truncated>0</truncated>
		<difficult>0</difficult>
		<occluded>0</occluded>
		<bndbox>
			<xmin>10</xmin>
			<xmax>380</xmax>
			<ymin>99</ymin>
			<ymax>414</ymax>
		</bndbox>
	</object>
	<metadata>
	</metadata>
</annotation>
