<annotation>
	<folder></folder>
	<filename>011_jpg.rf.660ab9794b82bf3d1820d86bcecf8f28.jpg</filename>
	<path>011_jpg.rf.660ab9794b82bf3d1820d86bcecf8f28.jpg</path>
	<source>
		<database>roboflow.com</database>
	</source>
	<size>
		<width>492</width>
		<height>492</height>
		<depth>3</depth>
	</size>
	<segmented>0</segmented>
	<object>
		<name>Amazon</name>
		<pose>Unspecified</pose>
		<truncated>0</truncated>
		<difficult>0</difficult>
		<occluded>0</occluded>
		<bndbox>
			<xmin>55</xmin>
			<xmax>458</xmax>
			<ymin>72</ymin>
			<ymax>427</ymax>
		</bndbox>
	</object>
	<metadata>
	</metadata>
</annotation>
