<annotation>
	<folder></folder>
	<filename>011_jpg.rf.61bca4d3959e779a1cdcf38f10103020.jpg</filename>
	<path>011_jpg.rf.61bca4d3959e779a1cdcf38f10103020.jpg</path>
	<source>
		<database>roboflow.com</database>
	</source>
	<size>
		<width>512</width>
		<height>512</height>
		<depth>3</depth>
	</size>
	<segmented>0</segmented>
	<object>
		<name>FedEx</name>
		<pose>Unspecified</pose>
		<truncated>0</truncated>
		<difficult>0</difficult>
		<occluded>0</occluded>
		<bndbox>
			<xmin>334</xmin>
			<xmax>513</xmax>
			<ymin>111</ymin>
			<ymax>513</ymax>
		</bndbox>
	</object>
	<object>
		<name>FedEx</name>
		<pose>Unspecified</pose>
		<truncated>0</truncated>
		<difficult>0</difficult>
		<occluded>0</occluded>
		<bndbox>
			<xmin>17</xmin>
			<xmax>387</xmax>
			<ymin>111</ymin>
			<ymax>426</ymax>
		</bndbox>
	</object>
	<metadata>
	</metadata>
</annotation>
