<annotation>
	<folder></folder>
	<filename>011_jpg.rf.9858bb0dd0391df457e4dcbf5d5d2c01.jpg</filename>
	<path>011_jpg.rf.9858bb0dd0391df457e4dcbf5d5d2c01.jpg</path>
	<source>
		<database>roboflow.com</database>
	</source>
	<size>
		<width>512</width>
		<height>512</height>
		<depth>3</depth>
	</size>
	<segmented>0</segmented>
	<object>
		<name>Amazon</name>
		<pose>Unspecified</pose>
		<truncated>0</truncated>
		<difficult>0</difficult>
		<occluded>0</occluded>
		<bndbox>
			<xmin>69</xmin>
			<xmax>472</xmax>
			<ymin>72</ymin>
			<ymax>427</ymax>
		</bndbox>
	</object>
	<metadata>
	</metadata>
</annotation>
