<annotation>
	<folder></folder>
	<filename>012_jpg.rf.e97ba910a4afeeabfecc89210a7b3442.jpg</filename>
	<path>012_jpg.rf.e97ba910a4afeeabfecc89210a7b3442.jpg</path>
	<source>
		<database>roboflow.com</database>
	</source>
	<size>
		<width>476</width>
		<height>476</height>
		<depth>3</depth>
	</size>
	<segmented>0</segmented>
	<object>
		<name>FedEx</name>
		<pose>Unspecified</pose>
		<truncated>0</truncated>
		<difficult>0</difficult>
		<occluded>0</occluded>
		<bndbox>
			<xmin>105</xmin>
			<xmax>406</xmax>
			<ymin>132</ymin>
			<ymax>467</ymax>
		</bndbox>
	</object>
	<metadata>
	</metadata>
</annotation>
