<annotation>
	<folder></folder>
	<filename>012_jpg.rf.2589f1145b8d4b1af0d655ffab555d21.jpg</filename>
	<path>012_jpg.rf.2589f1145b8d4b1af0d655ffab555d21.jpg</path>
	<source>
		<database>roboflow.com</database>
	</source>
	<size>
		<width>452</width>
		<height>452</height>
		<depth>3</depth>
	</size>
	<segmented>0</segmented>
	<object>
		<name>FedEx</name>
		<pose>Unspecified</pose>
		<truncated>0</truncated>
		<difficult>0</difficult>
		<occluded>0</occluded>
		<bndbox>
			<xmin>95</xmin>
			<xmax>396</xmax>
			<ymin>39</ymin>
			<ymax>374</ymax>
		</bndbox>
	</object>
	<metadata>
	</metadata>
</annotation>
