<annotation>
	<folder></folder>
	<filename>012_jpg.rf.77ddc50dffd7eb8d9aa4d4876579aec3.jpg</filename>
	<path>012_jpg.rf.77ddc50dffd7eb8d9aa4d4876579aec3.jpg</path>
	<source>
		<database>roboflow.com</database>
	</source>
	<size>
		<width>512</width>
		<height>512</height>
		<depth>3</depth>
	</size>
	<segmented>0</segmented>
	<object>
		<name>FedEx</name>
		<pose>Unspecified</pose>
		<truncated>0</truncated>
		<difficult>0</difficult>
		<occluded>0</occluded>
		<bndbox>
			<xmin>105</xmin>
			<xmax>406</xmax>
			<ymin>139</ymin>
			<ymax>474</ymax>
		</bndbox>
	</object>
	<metadata>
	</metadata>
</annotation>
