<annotation>
	<folder></folder>
	<filename>012_jpg.rf.33e77f4ef6162d623ff3fda0401316c1.jpg</filename>
	<path>012_jpg.rf.33e77f4ef6162d623ff3fda0401316c1.jpg</path>
	<source>
		<database>roboflow.com</database>
	</source>
	<size>
		<width>512</width>
		<height>512</height>
		<depth>3</depth>
	</size>
	<segmented>0</segmented>
	<object>
		<name>Amazon</name>
		<pose>Unspecified</pose>
		<truncated>0</truncated>
		<difficult>0</difficult>
		<occluded>0</occluded>
		<bndbox>
			<xmin>110</xmin>
			<xmax>452</xmax>
			<ymin>158</ymin>
			<ymax>416</ymax>
		</bndbox>
	</object>
	<metadata>
	</metadata>
</annotation>
