<annotation>
	<folder></folder>
	<filename>012_jpg.rf.3377bd6a0d2f86dffcb0460c75594a0a.jpg</filename>
	<path>012_jpg.rf.3377bd6a0d2f86dffcb0460c75594a0a.jpg</path>
	<source>
		<database>roboflow.com</database>
	</source>
	<size>
		<width>466</width>
		<height>466</height>
		<depth>3</depth>
	</size>
	<segmented>0</segmented>
	<object>
		<name>Amazon</name>
		<pose>Unspecified</pose>
		<truncated>0</truncated>
		<difficult>0</difficult>
		<occluded>0</occluded>
		<bndbox>
			<xmin>69</xmin>
			<xmax>411</xmax>
			<ymin>93</ymin>
			<ymax>351</ymax>
		</bndbox>
	</object>
	<metadata>
	</metadata>
</annotation>
