<annotation>
	<folder></folder>
	<filename>012_jpg.rf.eadfce0c5d34eb1c57811d7ae1339940.jpg</filename>
	<path>012_jpg.rf.eadfce0c5d34eb1c57811d7ae1339940.jpg</path>
	<source>
		<database>roboflow.com</database>
	</source>
	<size>
		<width>448</width>
		<height>448</height>
		<depth>3</depth>
	</size>
	<segmented>0</segmented>
	<object>
		<name>Amazon</name>
		<pose>Unspecified</pose>
		<truncated>0</truncated>
		<difficult>0</difficult>
		<occluded>0</occluded>
		<bndbox>
			<xmin>51</xmin>
			<xmax>393</xmax>
			<ymin>151</ymin>
			<ymax>409</ymax>
		</bndbox>
	</object>
	<metadata>
	</metadata>
</annotation>
