<annotation>
	<folder></folder>
	<filename>013_jpg.rf.3c39f75f7a8687b3747ab8f0f9b215f3.jpg</filename>
	<path>013_jpg.rf.3c39f75f7a8687b3747ab8f0f9b215f3.jpg</path>
	<source>
		<database>roboflow.com</database>
	</source>
	<size>
		<width>490</width>
		<height>490</height>
		<depth>3</depth>
	</size>
	<segmented>0</segmented>
	<object>
		<name>Other</name>
		<pose>Unspecified</pose>
		<truncated>0</truncated>
		<difficult>0</difficult>
		<occluded>0</occluded>
		<bndbox>
			<xmin>234</xmin>
			<xmax>446</xmax>
			<ymin>173</ymin>
			<ymax>285</ymax>
		</bndbox>
	</object>
	<metadata>
	</metadata>
</annotation>
