<annotation>
	<folder></folder>
	<filename>013_jpg.rf.f4baa67edcef9343d66107c8f50a535c.jpg</filename>
	<path>013_jpg.rf.f4baa67edcef9343d66107c8f50a535c.jpg</path>
	<source>
		<database>roboflow.com</database>
	</source>
	<size>
		<width>512</width>
		<height>512</height>
		<depth>3</depth>
	</size>
	<segmented>0</segmented>
	<object>
		<name>FedEx</name>
		<pose>Unspecified</pose>
		<truncated>0</truncated>
		<difficult>0</difficult>
		<occluded>0</occluded>
		<bndbox>
			<xmin>227</xmin>
			<xmax>513</xmax>
			<ymin>1</ymin>
			<ymax>476</ymax>
		</bndbox>
	</object>
	<metadata>
	</metadata>
</annotation>
