<annotation>
	<folder></folder>
	<filename>013_jpg.rf.282da297f0ccfe5fdd20632045670903.jpg</filename>
	<path>013_jpg.rf.282da297f0ccfe5fdd20632045670903.jpg</path>
	<source>
		<database>roboflow.com</database>
	</source>
	<size>
		<width>474</width>
		<height>474</height>
		<depth>3</depth>
	</size>
	<segmented>0</segmented>
	<object>
		<name>FedEx</name>
		<pose>Unspecified</pose>
		<truncated>0</truncated>
		<difficult>0</difficult>
		<occluded>0</occluded>
		<bndbox>
			<xmin>1</xmin>
			<xmax>258</xmax>
			<ymin>1</ymin>
			<ymax>440</ymax>
		</bndbox>
	</object>
	<metadata>
	</metadata>
</annotation>
