<annotation>
	<folder></folder>
	<filename>013_jpg.rf.beccc1faeebb07962560fe5a2cf09c3b.jpg</filename>
	<path>013_jpg.rf.beccc1faeebb07962560fe5a2cf09c3b.jpg</path>
	<source>
		<database>roboflow.com</database>
	</source>
	<size>
		<width>512</width>
		<height>512</height>
		<depth>3</depth>
	</size>
	<segmented>0</segmented>
	<object>
		<name>Other</name>
		<pose>Unspecified</pose>
		<truncated>0</truncated>
		<difficult>0</difficult>
		<occluded>0</occluded>
		<bndbox>
			<xmin>62</xmin>
			<xmax>274</xmax>
			<ymin>218</ymin>
			<ymax>330</ymax>
		</bndbox>
	</object>
	<metadata>
	</metadata>
</annotation>
