<annotation>
	<folder></folder>
	<filename>013_jpg.rf.5c346e2c4a0e7e8e3637e9b44d5db4c4.jpg</filename>
	<path>013_jpg.rf.5c346e2c4a0e7e8e3637e9b44d5db4c4.jpg</path>
	<source>
		<database>roboflow.com</database>
	</source>
	<size>
		<width>512</width>
		<height>512</height>
		<depth>3</depth>
	</size>
	<segmented>0</segmented>
	<object>
		<name>Amazon</name>
		<pose>Unspecified</pose>
		<truncated>0</truncated>
		<difficult>0</difficult>
		<occluded>0</occluded>
		<bndbox>
			<xmin>80</xmin>
			<xmax>449</xmax>
			<ymin>120</ymin>
			<ymax>450</ymax>
		</bndbox>
	</object>
	<metadata>
	</metadata>
</annotation>
