<annotation>
	<folder></folder>
	<filename>013_jpg.rf.aec4a8a72b820d1ab73bbe7f4a452b08.jpg</filename>
	<path>013_jpg.rf.aec4a8a72b820d1ab73bbe7f4a452b08.jpg</path>
	<source>
		<database>roboflow.com</database>
	</source>
	<size>
		<width>504</width>
		<height>504</height>
		<depth>3</depth>
	</size>
	<segmented>0</segmented>
	<object>
		<name>Other</name>
		<pose>Unspecified</pose>
		<truncated>0</truncated>
		<difficult>0</difficult>
		<occluded>0</occluded>
		<bndbox>
			<xmin>56</xmin>
			<xmax>268</xmax>
			<ymin>218</ymin>
			<ymax>330</ymax>
		</bndbox>
	</object>
	<metadata>
	</metadata>
</annotation>
