<annotation>
	<folder></folder>
	<filename>013_jpg.rf.ca77e8415e671bb6725c4d4640080174.jpg</filename>
	<path>013_jpg.rf.ca77e8415e671bb6725c4d4640080174.jpg</path>
	<source>
		<database>roboflow.com</database>
	</source>
	<size>
		<width>504</width>
		<height>504</height>
		<depth>3</depth>
	</size>
	<segmented>0</segmented>
	<object>
		<name>FedEx</name>
		<pose>Unspecified</pose>
		<truncated>0</truncated>
		<difficult>0</difficult>
		<occluded>0</occluded>
		<bndbox>
			<xmin>223</xmin>
			<xmax>505</xmax>
			<ymin>1</ymin>
			<ymax>469</ymax>
		</bndbox>
	</object>
	<metadata>
	</metadata>
</annotation>
