<annotation>
	<folder></folder>
	<filename>013_jpg.rf.c6a90d0e68d1b2bb7a1d956ef1ef3866.jpg</filename>
	<path>013_jpg.rf.c6a90d0e68d1b2bb7a1d956ef1ef3866.jpg</path>
	<source>
		<database>roboflow.com</database>
	</source>
	<size>
		<width>472</width>
		<height>472</height>
		<depth>3</depth>
	</size>
	<segmented>0</segmented>
	<object>
		<name>Amazon</name>
		<pose>Unspecified</pose>
		<truncated>0</truncated>
		<difficult>0</difficult>
		<occluded>0</occluded>
		<bndbox>
			<xmin>41</xmin>
			<xmax>410</xmax>
			<ymin>99</ymin>
			<ymax>429</ymax>
		</bndbox>
	</object>
	<metadata>
	</metadata>
</annotation>
