<annotation>
	<folder></folder>
	<filename>014_jpg.rf.ab2ab1aa80dbff0b5c229142978ffb71.jpg</filename>
	<path>014_jpg.rf.ab2ab1aa80dbff0b5c229142978ffb71.jpg</path>
	<source>
		<database>roboflow.com</database>
	</source>
	<size>
		<width>506</width>
		<height>506</height>
		<depth>3</depth>
	</size>
	<segmented>0</segmented>
	<object>
		<name>Amazon</name>
		<pose>Unspecified</pose>
		<truncated>0</truncated>
		<difficult>0</difficult>
		<occluded>0</occluded>
		<bndbox>
			<xmin>124</xmin>
			<xmax>381</xmax>
			<ymin>162</ymin>
			<ymax>471</ymax>
		</bndbox>
	</object>
	<metadata>
	</metadata>
</annotation>
