<annotation>
	<folder></folder>
	<filename>014_jpg.rf.85199dd0dd51b43b9b0cb97caeec2bc0.jpg</filename>
	<path>014_jpg.rf.85199dd0dd51b43b9b0cb97caeec2bc0.jpg</path>
	<source>
		<database>roboflow.com</database>
	</source>
	<size>
		<width>474</width>
		<height>474</height>
		<depth>3</depth>
	</size>
	<segmented>0</segmented>
	<object>
		<name>FedEx</name>
		<pose>Unspecified</pose>
		<truncated>0</truncated>
		<difficult>0</difficult>
		<occluded>0</occluded>
		<bndbox>
			<xmin>108</xmin>
			<xmax>442</xmax>
			<ymin>1</ymin>
			<ymax>475</ymax>
		</bndbox>
	</object>
	<metadata>
	</metadata>
</annotation>
