<annotation>
	<folder></folder>
	<filename>014_jpg.rf.c292f183316f5459a4fac7c9e0063175.jpg</filename>
	<path>014_jpg.rf.c292f183316f5459a4fac7c9e0063175.jpg</path>
	<source>
		<database>roboflow.com</database>
	</source>
	<size>
		<width>512</width>
		<height>512</height>
		<depth>3</depth>
	</size>
	<segmented>0</segmented>
	<object>
		<name>Amazon</name>
		<pose>Unspecified</pose>
		<truncated>0</truncated>
		<difficult>0</difficult>
		<occluded>0</occluded>
		<bndbox>
			<xmin>125</xmin>
			<xmax>382</xmax>
			<ymin>164</ymin>
			<ymax>473</ymax>
		</bndbox>
	</object>
	<metadata>
	</metadata>
</annotation>
