<annotation>
	<folder></folder>
	<filename>014_jpg.rf.806a9b0d4910d005fd4a174923185edd.jpg</filename>
	<path>014_jpg.rf.806a9b0d4910d005fd4a174923185edd.jpg</path>
	<source>
		<database>roboflow.com</database>
	</source>
	<size>
		<width>472</width>
		<height>472</height>
		<depth>3</depth>
	</size>
	<segmented>0</segmented>
	<object>
		<name>Other</name>
		<pose>Unspecified</pose>
		<truncated>0</truncated>
		<difficult>0</difficult>
		<occluded>0</occluded>
		<bndbox>
			<xmin>131</xmin>
			<xmax>313</xmax>
			<ymin>34</ymin>
			<ymax>261</ymax>
		</bndbox>
	</object>
	<metadata>
	</metadata>
</annotation>
