<annotation>
	<folder></folder>
	<filename>014_jpg.rf.f78bb939d821120af81c8a476a2c0415.jpg</filename>
	<path>014_jpg.rf.f78bb939d821120af81c8a476a2c0415.jpg</path>
	<source>
		<database>roboflow.com</database>
	</source>
	<size>
		<width>462</width>
		<height>462</height>
		<depth>3</depth>
	</size>
	<segmented>0</segmented>
	<object>
		<name>Other</name>
		<pose>Unspecified</pose>
		<truncated>0</truncated>
		<difficult>0</difficult>
		<occluded>0</occluded>
		<bndbox>
			<xmin>105</xmin>
			<xmax>287</xmax>
			<ymin>218</ymin>
			<ymax>445</ymax>
		</bndbox>
	</object>
	<metadata>
	</metadata>
</annotation>
