<annotation>
	<folder></folder>
	<filename>014_jpg.rf.f3a69180e681c1b6ccd733bf736a224c.jpg</filename>
	<path>014_jpg.rf.f3a69180e681c1b6ccd733bf736a224c.jpg</path>
	<source>
		<database>roboflow.com</database>
	</source>
	<size>
		<width>512</width>
		<height>512</height>
		<depth>3</depth>
	</size>
	<segmented>0</segmented>
	<object>
		<name>Other</name>
		<pose>Unspecified</pose>
		<truncated>0</truncated>
		<difficult>0</difficult>
		<occluded>0</occluded>
		<bndbox>
			<xmin>199</xmin>
			<xmax>381</xmax>
			<ymin>219</ymin>
			<ymax>446</ymax>
		</bndbox>
	</object>
	<metadata>
	</metadata>
</annotation>
