<annotation>
	<folder></folder>
	<filename>014_jpg.rf.ed264092876534f5a97501e36b122cbf.jpg</filename>
	<path>014_jpg.rf.ed264092876534f5a97501e36b122cbf.jpg</path>
	<source>
		<database>roboflow.com</database>
	</source>
	<size>
		<width>512</width>
		<height>512</height>
		<depth>3</depth>
	</size>
	<segmented>0</segmented>
	<object>
		<name>FedEx</name>
		<pose>Unspecified</pose>
		<truncated>0</truncated>
		<difficult>0</difficult>
		<occluded>0</occluded>
		<bndbox>
			<xmin>62</xmin>
			<xmax>397</xmax>
			<ymin>8</ymin>
			<ymax>513</ymax>
		</bndbox>
	</object>
	<metadata>
	</metadata>
</annotation>
