<annotation>
	<folder></folder>
	<filename>014_jpg.rf.649ab263dc4a0fa7bcb2daf78344c035.jpg</filename>
	<path>014_jpg.rf.649ab263dc4a0fa7bcb2daf78344c035.jpg</path>
	<source>
		<database>roboflow.com</database>
	</source>
	<size>
		<width>500</width>
		<height>500</height>
		<depth>3</depth>
	</size>
	<segmented>0</segmented>
	<object>
		<name>Amazon</name>
		<pose>Unspecified</pose>
		<truncated>0</truncated>
		<difficult>0</difficult>
		<occluded>0</occluded>
		<bndbox>
			<xmin>124</xmin>
			<xmax>381</xmax>
			<ymin>155</ymin>
			<ymax>464</ymax>
		</bndbox>
	</object>
	<metadata>
	</metadata>
</annotation>
