<annotation>
	<folder></folder>
	<filename>015_jpg.rf.491a8d162be5c036fcaf267074b12ffb.jpg</filename>
	<path>015_jpg.rf.491a8d162be5c036fcaf267074b12ffb.jpg</path>
	<source>
		<database>roboflow.com</database>
	</source>
	<size>
		<width>468</width>
		<height>468</height>
		<depth>3</depth>
	</size>
	<segmented>0</segmented>
	<object>
		<name>FedEx</name>
		<pose>Unspecified</pose>
		<truncated>0</truncated>
		<difficult>0</difficult>
		<occluded>0</occluded>
		<bndbox>
			<xmin>50</xmin>
			<xmax>360</xmax>
			<ymin>147</ymin>
			<ymax>306</ymax>
		</bndbox>
	</object>
	<metadata>
	</metadata>
</annotation>
