<annotation>
	<folder></folder>
	<filename>015_jpg.rf.e76eb04f02eb13c057f342bee6a8e323.jpg</filename>
	<path>015_jpg.rf.e76eb04f02eb13c057f342bee6a8e323.jpg</path>
	<source>
		<database>roboflow.com</database>
	</source>
	<size>
		<width>490</width>
		<height>490</height>
		<depth>3</depth>
	</size>
	<segmented>0</segmented>
	<object>
		<name>FedEx</name>
		<pose>Unspecified</pose>
		<truncated>0</truncated>
		<difficult>0</difficult>
		<occluded>0</occluded>
		<bndbox>
			<xmin>61</xmin>
			<xmax>371</xmax>
			<ymin>160</ymin>
			<ymax>319</ymax>
		</bndbox>
	</object>
	<metadata>
	</metadata>
</annotation>
