<annotation>
	<folder></folder>
	<filename>015_jpg.rf.a87acb6ea0402015a4ef7f95f9d1ac8f.jpg</filename>
	<path>015_jpg.rf.a87acb6ea0402015a4ef7f95f9d1ac8f.jpg</path>
	<source>
		<database>roboflow.com</database>
	</source>
	<size>
		<width>512</width>
		<height>512</height>
		<depth>3</depth>
	</size>
	<segmented>0</segmented>
	<object>
		<name>Other</name>
		<pose>Unspecified</pose>
		<truncated>0</truncated>
		<difficult>0</difficult>
		<occluded>0</occluded>
		<bndbox>
			<xmin>200</xmin>
			<xmax>375</xmax>
			<ymin>245</ymin>
			<ymax>489</ymax>
		</bndbox>
	</object>
	<metadata>
	</metadata>
</annotation>
