<annotation>
	<folder></folder>
	<filename>015_jpg.rf.36ca1e07ffdf7fbe8612e905ba0fd67c.jpg</filename>
	<path>015_jpg.rf.36ca1e07ffdf7fbe8612e905ba0fd67c.jpg</path>
	<source>
		<database>roboflow.com</database>
	</source>
	<size>
		<width>512</width>
		<height>512</height>
		<depth>3</depth>
	</size>
	<segmented>0</segmented>
	<object>
		<name>Other</name>
		<pose>Unspecified</pose>
		<truncated>0</truncated>
		<difficult>0</difficult>
		<occluded>0</occluded>
		<bndbox>
			<xmin>139</xmin>
			<xmax>314</xmax>
			<ymin>25</ymin>
			<ymax>269</ymax>
		</bndbox>
	</object>
	<metadata>
	</metadata>
</annotation>
