<annotation>
	<folder></folder>
	<filename>015_jpg.rf.313fe44d15edeb4c5366fd41cc9c0f81.jpg</filename>
	<path>015_jpg.rf.313fe44d15edeb4c5366fd41cc9c0f81.jpg</path>
	<source>
		<database>roboflow.com</database>
	</source>
	<size>
		<width>508</width>
		<height>508</height>
		<depth>3</depth>
	</size>
	<segmented>0</segmented>
	<object>
		<name>Amazon</name>
		<pose>Unspecified</pose>
		<truncated>0</truncated>
		<difficult>0</difficult>
		<occluded>0</occluded>
		<bndbox>
			<xmin>186</xmin>
			<xmax>323</xmax>
			<ymin>73</ymin>
			<ymax>403</ymax>
		</bndbox>
	</object>
	<metadata>
	</metadata>
</annotation>
