<annotation>
	<folder></folder>
	<filename>015_jpg.rf.6e13d24ed4adae32fc239fed524eee8e.jpg</filename>
	<path>015_jpg.rf.6e13d24ed4adae32fc239fed524eee8e.jpg</path>
	<source>
		<database>roboflow.com</database>
	</source>
	<size>
		<width>512</width>
		<height>512</height>
		<depth>3</depth>
	</size>
	<segmented>0</segmented>
	<object>
		<name>FedEx</name>
		<pose>Unspecified</pose>
		<truncated>0</truncated>
		<difficult>0</difficult>
		<occluded>0</occluded>
		<bndbox>
			<xmin>132</xmin>
			<xmax>442</xmax>
			<ymin>167</ymin>
			<ymax>326</ymax>
		</bndbox>
	</object>
	<metadata>
	</metadata>
</annotation>
