<annotation>
	<folder></folder>
	<filename>015_jpg.rf.eaf46432f76b08040f7c15398b1433bd.jpg</filename>
	<path>015_jpg.rf.eaf46432f76b08040f7c15398b1433bd.jpg</path>
	<source>
		<database>roboflow.com</database>
	</source>
	<size>
		<width>482</width>
		<height>482</height>
		<depth>3</depth>
	</size>
	<segmented>0</segmented>
	<object>
		<name>Other</name>
		<pose>Unspecified</pose>
		<truncated>0</truncated>
		<difficult>0</difficult>
		<occluded>0</occluded>
		<bndbox>
			<xmin>127</xmin>
			<xmax>302</xmax>
			<ymin>236</ymin>
			<ymax>480</ymax>
		</bndbox>
	</object>
	<metadata>
	</metadata>
</annotation>
