<annotation>
	<folder></folder>
	<filename>015_jpg.rf.ebf67b00b838d5da72bc28e2c5379f81.jpg</filename>
	<path>015_jpg.rf.ebf67b00b838d5da72bc28e2c5379f81.jpg</path>
	<source>
		<database>roboflow.com</database>
	</source>
	<size>
		<width>512</width>
		<height>512</height>
		<depth>3</depth>
	</size>
	<segmented>0</segmented>
	<object>
		<name>Amazon</name>
		<pose>Unspecified</pose>
		<truncated>0</truncated>
		<difficult>0</difficult>
		<occluded>0</occluded>
		<bndbox>
			<xmin>189</xmin>
			<xmax>326</xmax>
			<ymin>108</ymin>
			<ymax>438</ymax>
		</bndbox>
	</object>
	<metadata>
	</metadata>
</annotation>
