<annotation>
	<folder></folder>
	<filename>016_jpg.rf.4779343f05a80afe507e50041fcb560d.jpg</filename>
	<path>016_jpg.rf.4779343f05a80afe507e50041fcb560d.jpg</path>
	<source>
		<database>roboflow.com</database>
	</source>
	<size>
		<width>442</width>
		<height>442</height>
		<depth>3</depth>
	</size>
	<segmented>0</segmented>
	<object>
		<name>Amazon</name>
		<pose>Unspecified</pose>
		<truncated>0</truncated>
		<difficult>0</difficult>
		<occluded>0</occluded>
		<bndbox>
			<xmin>185</xmin>
			<xmax>354</xmax>
			<ymin>96</ymin>
			<ymax>250</ymax>
		</bndbox>
	</object>
	<metadata>
	</metadata>
</annotation>
