<annotation>
	<folder></folder>
	<filename>016_jpg.rf.54f9e309ad88c88132811ee81ece8c63.jpg</filename>
	<path>016_jpg.rf.54f9e309ad88c88132811ee81ece8c63.jpg</path>
	<source>
		<database>roboflow.com</database>
	</source>
	<size>
		<width>512</width>
		<height>512</height>
		<depth>3</depth>
	</size>
	<segmented>0</segmented>
	<object>
		<name>Amazon</name>
		<pose>Unspecified</pose>
		<truncated>0</truncated>
		<difficult>0</difficult>
		<occluded>0</occluded>
		<bndbox>
			<xmin>200</xmin>
			<xmax>369</xmax>
			<ymin>209</ymin>
			<ymax>363</ymax>
		</bndbox>
	</object>
	<metadata>
	</metadata>
</annotation>
