<annotation>
	<folder></folder>
	<filename>016_jpg.rf.ae0504d49ff2659851270f1b0e9d37ce.jpg</filename>
	<path>016_jpg.rf.ae0504d49ff2659851270f1b0e9d37ce.jpg</path>
	<source>
		<database>roboflow.com</database>
	</source>
	<size>
		<width>452</width>
		<height>452</height>
		<depth>3</depth>
	</size>
	<segmented>0</segmented>
	<object>
		<name>Other</name>
		<pose>Unspecified</pose>
		<truncated>0</truncated>
		<difficult>0</difficult>
		<occluded>0</occluded>
		<bndbox>
			<xmin>97</xmin>
			<xmax>202</xmax>
			<ymin>35</ymin>
			<ymax>232</ymax>
		</bndbox>
	</object>
	<object>
		<name>Other</name>
		<pose>Unspecified</pose>
		<truncated>0</truncated>
		<difficult>0</difficult>
		<occluded>0</occluded>
		<bndbox>
			<xmin>69</xmin>
			<xmax>237</xmax>
			<ymin>130</ymin>
			<ymax>385</ymax>
		</bndbox>
	</object>
	<metadata>
	</metadata>
</annotation>
