<annotation>
	<folder></folder>
	<filename>016_jpg.rf.3111f1ba680f14c39ed1e4b6c0ffe984.jpg</filename>
	<path>016_jpg.rf.3111f1ba680f14c39ed1e4b6c0ffe984.jpg</path>
	<source>
		<database>roboflow.com</database>
	</source>
	<size>
		<width>462</width>
		<height>462</height>
		<depth>3</depth>
	</size>
	<segmented>0</segmented>
	<object>
		<name>Other</name>
		<pose>Unspecified</pose>
		<truncated>0</truncated>
		<difficult>0</difficult>
		<occluded>0</occluded>
		<bndbox>
			<xmin>240</xmin>
			<xmax>345</xmax>
			<ymin>241</ymin>
			<ymax>438</ymax>
		</bndbox>
	</object>
	<object>
		<name>Other</name>
		<pose>Unspecified</pose>
		<truncated>0</truncated>
		<difficult>0</difficult>
		<occluded>0</occluded>
		<bndbox>
			<xmin>205</xmin>
			<xmax>373</xmax>
			<ymin>88</ymin>
			<ymax>343</ymax>
		</bndbox>
	</object>
	<metadata>
	</metadata>
</annotation>
