<annotation>
	<folder></folder>
	<filename>016_jpg.rf.cefe29e212256e4a569ac12cf596fe8f.jpg</filename>
	<path>016_jpg.rf.cefe29e212256e4a569ac12cf596fe8f.jpg</path>
	<source>
		<database>roboflow.com</database>
	</source>
	<size>
		<width>512</width>
		<height>512</height>
		<depth>3</depth>
	</size>
	<segmented>0</segmented>
	<object>
		<name>Other</name>
		<pose>Unspecified</pose>
		<truncated>0</truncated>
		<difficult>0</difficult>
		<occluded>0</occluded>
		<bndbox>
			<xmin>278</xmin>
			<xmax>383</xmax>
			<ymin>63</ymin>
			<ymax>260</ymax>
		</bndbox>
	</object>
	<object>
		<name>Other</name>
		<pose>Unspecified</pose>
		<truncated>0</truncated>
		<difficult>0</difficult>
		<occluded>0</occluded>
		<bndbox>
			<xmin>243</xmin>
			<xmax>411</xmax>
			<ymin>158</ymin>
			<ymax>413</ymax>
		</bndbox>
	</object>
	<metadata>
	</metadata>
</annotation>
