<annotation>
	<folder></folder>
	<filename>017_jpg.rf.4645be425c0c225ad8e037da7add34fd.jpg</filename>
	<path>017_jpg.rf.4645be425c0c225ad8e037da7add34fd.jpg</path>
	<source>
		<database>roboflow.com</database>
	</source>
	<size>
		<width>466</width>
		<height>466</height>
		<depth>3</depth>
	</size>
	<segmented>0</segmented>
	<object>
		<name>FedEx</name>
		<pose>Unspecified</pose>
		<truncated>0</truncated>
		<difficult>0</difficult>
		<occluded>0</occluded>
		<bndbox>
			<xmin>1</xmin>
			<xmax>304</xmax>
			<ymin>140</ymin>
			<ymax>360</ymax>
		</bndbox>
	</object>
	<metadata>
	</metadata>
</annotation>
