<annotation>
	<folder></folder>
	<filename>017_jpg.rf.799c8169f6631018909dc3adf00db609.jpg</filename>
	<path>017_jpg.rf.799c8169f6631018909dc3adf00db609.jpg</path>
	<source>
		<database>roboflow.com</database>
	</source>
	<size>
		<width>500</width>
		<height>500</height>
		<depth>3</depth>
	</size>
	<segmented>0</segmented>
	<object>
		<name>FedEx</name>
		<pose>Unspecified</pose>
		<truncated>0</truncated>
		<difficult>0</difficult>
		<occluded>0</occluded>
		<bndbox>
			<xmin>188</xmin>
			<xmax>501</xmax>
			<ymin>143</ymin>
			<ymax>363</ymax>
		</bndbox>
	</object>
	<metadata>
	</metadata>
</annotation>
