<annotation>
	<folder></folder>
	<filename>017_jpg.rf.ed890eec851ce6b542207815eaf3d01a.jpg</filename>
	<path>017_jpg.rf.ed890eec851ce6b542207815eaf3d01a.jpg</path>
	<source>
		<database>roboflow.com</database>
	</source>
	<size>
		<width>512</width>
		<height>512</height>
		<depth>3</depth>
	</size>
	<segmented>0</segmented>
	<object>
		<name>FedEx</name>
		<pose>Unspecified</pose>
		<truncated>0</truncated>
		<difficult>0</difficult>
		<occluded>0</occluded>
		<bndbox>
			<xmin>199</xmin>
			<xmax>513</xmax>
			<ymin>148</ymin>
			<ymax>368</ymax>
		</bndbox>
	</object>
	<metadata>
	</metadata>
</annotation>
