<annotation>
	<folder></folder>
	<filename>018_jpg.rf.8871502d4d17ac620ab9439d7e227b40.jpg</filename>
	<path>018_jpg.rf.8871502d4d17ac620ab9439d7e227b40.jpg</path>
	<source>
		<database>roboflow.com</database>
	</source>
	<size>
		<width>512</width>
		<height>512</height>
		<depth>3</depth>
	</size>
	<segmented>0</segmented>
	<object>
		<name>Amazon</name>
		<pose>Unspecified</pose>
		<truncated>0</truncated>
		<difficult>0</difficult>
		<occluded>0</occluded>
		<bndbox>
			<xmin>49</xmin>
			<xmax>444</xmax>
			<ymin>4</ymin>
			<ymax>512</ymax>
		</bndbox>
	</object>
	<metadata>
	</metadata>
</annotation>
