<annotation>
	<folder></folder>
	<filename>018_jpg.rf.ecedf79d02e3de341aae02f70b27f0aa.jpg</filename>
	<path>018_jpg.rf.ecedf79d02e3de341aae02f70b27f0aa.jpg</path>
	<source>
		<database>roboflow.com</database>
	</source>
	<size>
		<width>498</width>
		<height>498</height>
		<depth>3</depth>
	</size>
	<segmented>0</segmented>
	<object>
		<name>Other</name>
		<pose>Unspecified</pose>
		<truncated>0</truncated>
		<difficult>0</difficult>
		<occluded>0</occluded>
		<bndbox>
			<xmin>238</xmin>
			<xmax>442</xmax>
			<ymin>146</ymin>
			<ymax>374</ymax>
		</bndbox>
	</object>
	<metadata>
	</metadata>
</annotation>
