<annotation>
	<folder></folder>
	<filename>018_jpg.rf.1eb9f1b8b40ea838d6000b527928f2cf.jpg</filename>
	<path>018_jpg.rf.1eb9f1b8b40ea838d6000b527928f2cf.jpg</path>
	<source>
		<database>roboflow.com</database>
	</source>
	<size>
		<width>490</width>
		<height>490</height>
		<depth>3</depth>
	</size>
	<segmented>0</segmented>
	<object>
		<name>FedEx</name>
		<pose>Unspecified</pose>
		<truncated>0</truncated>
		<difficult>0</difficult>
		<occluded>0</occluded>
		<bndbox>
			<xmin>237</xmin>
			<xmax>491</xmax>
			<ymin>237</ymin>
			<ymax>344</ymax>
		</bndbox>
	</object>
	<object>
		<name>FedEx</name>
		<pose>Unspecified</pose>
		<truncated>0</truncated>
		<difficult>0</difficult>
		<occluded>0</occluded>
		<bndbox>
			<xmin>31</xmin>
			<xmax>477</xmax>
			<ymin>347</ymin>
			<ymax>491</ymax>
		</bndbox>
	</object>
	<metadata>
	</metadata>
</annotation>
