<annotation>
	<folder></folder>
	<filename>018_jpg.rf.217d3cf2ad8e2d84301e4cf4e52f592d.jpg</filename>
	<path>018_jpg.rf.217d3cf2ad8e2d84301e4cf4e52f592d.jpg</path>
	<source>
		<database>roboflow.com</database>
	</source>
	<size>
		<width>500</width>
		<height>500</height>
		<depth>3</depth>
	</size>
	<segmented>0</segmented>
	<object>
		<name>Amazon</name>
		<pose>Unspecified</pose>
		<truncated>0</truncated>
		<difficult>0</difficult>
		<occluded>0</occluded>
		<bndbox>
			<xmin>62</xmin>
			<xmax>458</xmax>
			<ymin>1</ymin>
			<ymax>501</ymax>
		</bndbox>
	</object>
	<metadata>
	</metadata>
</annotation>
