<annotation>
	<folder></folder>
	<filename>018_jpg.rf.dd9f32e076e19e8e35e446dd99c1cf72.jpg</filename>
	<path>018_jpg.rf.dd9f32e076e19e8e35e446dd99c1cf72.jpg</path>
	<source>
		<database>roboflow.com</database>
	</source>
	<size>
		<width>452</width>
		<height>452</height>
		<depth>3</depth>
	</size>
	<segmented>0</segmented>
	<object>
		<name>Other</name>
		<pose>Unspecified</pose>
		<truncated>0</truncated>
		<difficult>0</difficult>
		<occluded>0</occluded>
		<bndbox>
			<xmin>13</xmin>
			<xmax>217</xmax>
			<ymin>94</ymin>
			<ymax>322</ymax>
		</bndbox>
	</object>
	<metadata>
	</metadata>
</annotation>
