<annotation>
	<folder></folder>
	<filename>018_jpg.rf.64720bfb8ef98fd24844d31940afa3f6.jpg</filename>
	<path>018_jpg.rf.64720bfb8ef98fd24844d31940afa3f6.jpg</path>
	<source>
		<database>roboflow.com</database>
	</source>
	<size>
		<width>492</width>
		<height>492</height>
		<depth>3</depth>
	</size>
	<segmented>0</segmented>
	<object>
		<name>FedEx</name>
		<pose>Unspecified</pose>
		<truncated>0</truncated>
		<difficult>0</difficult>
		<occluded>0</occluded>
		<bndbox>
			<xmin>232</xmin>
			<xmax>493</xmax>
			<ymin>150</ymin>
			<ymax>257</ymax>
		</bndbox>
	</object>
	<object>
		<name>FedEx</name>
		<pose>Unspecified</pose>
		<truncated>0</truncated>
		<difficult>0</difficult>
		<occluded>0</occluded>
		<bndbox>
			<xmin>26</xmin>
			<xmax>472</xmax>
			<ymin>1</ymin>
			<ymax>147</ymax>
		</bndbox>
	</object>
	<metadata>
	</metadata>
</annotation>
