<annotation>
	<folder></folder>
	<filename>018_jpg.rf.5de137bf2da7038f032aae7afd650b8c.jpg</filename>
	<path>018_jpg.rf.5de137bf2da7038f032aae7afd650b8c.jpg</path>
	<source>
		<database>roboflow.com</database>
	</source>
	<size>
		<width>512</width>
		<height>512</height>
		<depth>3</depth>
	</size>
	<segmented>0</segmented>
	<object>
		<name>Amazon</name>
		<pose>Unspecified</pose>
		<truncated>0</truncated>
		<difficult>0</difficult>
		<occluded>0</occluded>
		<bndbox>
			<xmin>70</xmin>
			<xmax>465</xmax>
			<ymin>2</ymin>
			<ymax>510</ymax>
		</bndbox>
	</object>
	<metadata>
	</metadata>
</annotation>
