<annotation>
	<folder></folder>
	<filename>018_jpg.rf.bfd5a17ae03dd48e965899386fda3a52.jpg</filename>
	<path>018_jpg.rf.bfd5a17ae03dd48e965899386fda3a52.jpg</path>
	<source>
		<database>roboflow.com</database>
	</source>
	<size>
		<width>512</width>
		<height>512</height>
		<depth>3</depth>
	</size>
	<segmented>0</segmented>
	<object>
		<name>Other</name>
		<pose>Unspecified</pose>
		<truncated>0</truncated>
		<difficult>0</difficult>
		<occluded>0</occluded>
		<bndbox>
			<xmin>248</xmin>
			<xmax>452</xmax>
			<ymin>152</ymin>
			<ymax>380</ymax>
		</bndbox>
	</object>
	<metadata>
	</metadata>
</annotation>
