<annotation>
	<folder></folder>
	<filename>019_jpg.rf.e0a653f4aa91ad51a30321ba16fcd42a.jpg</filename>
	<path>019_jpg.rf.e0a653f4aa91ad51a30321ba16fcd42a.jpg</path>
	<source>
		<database>roboflow.com</database>
	</source>
	<size>
		<width>480</width>
		<height>480</height>
		<depth>3</depth>
	</size>
	<segmented>0</segmented>
	<object>
		<name>FedEx</name>
		<pose>Unspecified</pose>
		<truncated>0</truncated>
		<difficult>0</difficult>
		<occluded>0</occluded>
		<bndbox>
			<xmin>80</xmin>
			<xmax>416</xmax>
			<ymin>4</ymin>
			<ymax>448</ymax>
		</bndbox>
	</object>
	<metadata>
	</metadata>
</annotation>
