<annotation>
	<folder></folder>
	<filename>019_jpg.rf.1481654f7d9857d999dcf0e1e27393b0.jpg</filename>
	<path>019_jpg.rf.1481654f7d9857d999dcf0e1e27393b0.jpg</path>
	<source>
		<database>roboflow.com</database>
	</source>
	<size>
		<width>512</width>
		<height>512</height>
		<depth>3</depth>
	</size>
	<segmented>0</segmented>
	<object>
		<name>Other</name>
		<pose>Unspecified</pose>
		<truncated>0</truncated>
		<difficult>0</difficult>
		<occluded>0</occluded>
		<bndbox>
			<xmin>77</xmin>
			<xmax>381</xmax>
			<ymin>74</ymin>
			<ymax>327</ymax>
		</bndbox>
	</object>
	<object>
		<name>Other</name>
		<pose>Unspecified</pose>
		<truncated>0</truncated>
		<difficult>0</difficult>
		<occluded>0</occluded>
		<bndbox>
			<xmin>116</xmin>
			<xmax>386</xmax>
			<ymin>266</ymin>
			<ymax>457</ymax>
		</bndbox>
	</object>
	<metadata>
	</metadata>
</annotation>
