<annotation>
	<folder></folder>
	<filename>019_jpg.rf.9a7de1f4818ddceda841f1cef311a60a.jpg</filename>
	<path>019_jpg.rf.9a7de1f4818ddceda841f1cef311a60a.jpg</path>
	<source>
		<database>roboflow.com</database>
	</source>
	<size>
		<width>466</width>
		<height>466</height>
		<depth>3</depth>
	</size>
	<segmented>0</segmented>
	<object>
		<name>FedEx</name>
		<pose>Unspecified</pose>
		<truncated>0</truncated>
		<difficult>0</difficult>
		<occluded>0</occluded>
		<bndbox>
			<xmin>49</xmin>
			<xmax>386</xmax>
			<ymin>25</ymin>
			<ymax>467</ymax>
		</bndbox>
	</object>
	<metadata>
	</metadata>
</annotation>
