<annotation>
	<folder></folder>
	<filename>019_jpg.rf.487b117dcda74f5aba2994c4843e1941.jpg</filename>
	<path>019_jpg.rf.487b117dcda74f5aba2994c4843e1941.jpg</path>
	<source>
		<database>roboflow.com</database>
	</source>
	<size>
		<width>512</width>
		<height>512</height>
		<depth>3</depth>
	</size>
	<segmented>0</segmented>
	<object>
		<name>Amazon</name>
		<pose>Unspecified</pose>
		<truncated>0</truncated>
		<difficult>0</difficult>
		<occluded>0</occluded>
		<bndbox>
			<xmin>1</xmin>
			<xmax>385</xmax>
			<ymin>1</ymin>
			<ymax>456</ymax>
		</bndbox>
	</object>
	<metadata>
	</metadata>
</annotation>
