<annotation>
	<folder></folder>
	<filename>019_jpg.rf.c8559ead9f470dd851b3ad0788212e4b.jpg</filename>
	<path>019_jpg.rf.c8559ead9f470dd851b3ad0788212e4b.jpg</path>
	<source>
		<database>roboflow.com</database>
	</source>
	<size>
		<width>476</width>
		<height>476</height>
		<depth>3</depth>
	</size>
	<segmented>0</segmented>
	<object>
		<name>Amazon</name>
		<pose>Unspecified</pose>
		<truncated>0</truncated>
		<difficult>0</difficult>
		<occluded>0</occluded>
		<bndbox>
			<xmin>1</xmin>
			<xmax>383</xmax>
			<ymin>30</ymin>
			<ymax>477</ymax>
		</bndbox>
	</object>
	<metadata>
	</metadata>
</annotation>
