<annotation>
	<folder></folder>
	<filename>019_jpg.rf.8f0ca66493f45f560159ec5c0af08474.jpg</filename>
	<path>019_jpg.rf.8f0ca66493f45f560159ec5c0af08474.jpg</path>
	<source>
		<database>roboflow.com</database>
	</source>
	<size>
		<width>472</width>
		<height>472</height>
		<depth>3</depth>
	</size>
	<segmented>0</segmented>
	<object>
		<name>Other</name>
		<pose>Unspecified</pose>
		<truncated>0</truncated>
		<difficult>0</difficult>
		<occluded>0</occluded>
		<bndbox>
			<xmin>39</xmin>
			<xmax>343</xmax>
			<ymin>67</ymin>
			<ymax>320</ymax>
		</bndbox>
	</object>
	<object>
		<name>Other</name>
		<pose>Unspecified</pose>
		<truncated>0</truncated>
		<difficult>0</difficult>
		<occluded>0</occluded>
		<bndbox>
			<xmin>78</xmin>
			<xmax>348</xmax>
			<ymin>259</ymin>
			<ymax>450</ymax>
		</bndbox>
	</object>
	<metadata>
	</metadata>
</annotation>
