<annotation>
	<folder></folder>
	<filename>019_jpg.rf.84fa91127fd7ef96fffa15a02c1cdbc2.jpg</filename>
	<path>019_jpg.rf.84fa91127fd7ef96fffa15a02c1cdbc2.jpg</path>
	<source>
		<database>roboflow.com</database>
	</source>
	<size>
		<width>512</width>
		<height>512</height>
		<depth>3</depth>
	</size>
	<segmented>0</segmented>
	<object>
		<name>FedEx</name>
		<pose>Unspecified</pose>
		<truncated>0</truncated>
		<difficult>0</difficult>
		<occluded>0</occluded>
		<bndbox>
			<xmin>89</xmin>
			<xmax>425</xmax>
			<ymin>36</ymin>
			<ymax>480</ymax>
		</bndbox>
	</object>
	<metadata>
	</metadata>
</annotation>
