<annotation>
	<folder></folder>
	<filename>019_jpg.rf.38349f867d0b9cc9394dd9690b62c1d3.jpg</filename>
	<path>019_jpg.rf.38349f867d0b9cc9394dd9690b62c1d3.jpg</path>
	<source>
		<database>roboflow.com</database>
	</source>
	<size>
		<width>462</width>
		<height>462</height>
		<depth>3</depth>
	</size>
	<segmented>0</segmented>
	<object>
		<name>Other</name>
		<pose>Unspecified</pose>
		<truncated>0</truncated>
		<difficult>0</difficult>
		<occluded>0</occluded>
		<bndbox>
			<xmin>98</xmin>
			<xmax>402</xmax>
			<ymin>165</ymin>
			<ymax>418</ymax>
		</bndbox>
	</object>
	<object>
		<name>Other</name>
		<pose>Unspecified</pose>
		<truncated>0</truncated>
		<difficult>0</difficult>
		<occluded>0</occluded>
		<bndbox>
			<xmin>93</xmin>
			<xmax>363</xmax>
			<ymin>35</ymin>
			<ymax>226</ymax>
		</bndbox>
	</object>
	<metadata>
	</metadata>
</annotation>
