<annotation>
	<folder></folder>
	<filename>019_jpg.rf.19ce7512366856b5defa3ddeb87178c8.jpg</filename>
	<path>019_jpg.rf.19ce7512366856b5defa3ddeb87178c8.jpg</path>
	<source>
		<database>roboflow.com</database>
	</source>
	<size>
		<width>454</width>
		<height>454</height>
		<depth>3</depth>
	</size>
	<segmented>0</segmented>
	<object>
		<name>Amazon</name>
		<pose>Unspecified</pose>
		<truncated>0</truncated>
		<difficult>0</difficult>
		<occluded>0</occluded>
		<bndbox>
			<xmin>87</xmin>
			<xmax>455</xmax>
			<ymin>1</ymin>
			<ymax>455</ymax>
		</bndbox>
	</object>
	<metadata>
	</metadata>
</annotation>
