<annotation>
	<folder></folder>
	<filename>020_jpg.rf.2bdf6aaa3cae51217fe8b1bf42ce09da.jpg</filename>
	<path>020_jpg.rf.2bdf6aaa3cae51217fe8b1bf42ce09da.jpg</path>
	<source>
		<database>roboflow.com</database>
	</source>
	<size>
		<width>474</width>
		<height>474</height>
		<depth>3</depth>
	</size>
	<segmented>0</segmented>
	<object>
		<name>FedEx</name>
		<pose>Unspecified</pose>
		<truncated>0</truncated>
		<difficult>0</difficult>
		<occluded>0</occluded>
		<bndbox>
			<xmin>1</xmin>
			<xmax>405</xmax>
			<ymin>1</ymin>
			<ymax>400</ymax>
		</bndbox>
	</object>
	<metadata>
	</metadata>
</annotation>
