<annotation>
	<folder></folder>
	<filename>020_jpg.rf.883bdd745567c062ff1ca4c4a54a3eb9.jpg</filename>
	<path>020_jpg.rf.883bdd745567c062ff1ca4c4a54a3eb9.jpg</path>
	<source>
		<database>roboflow.com</database>
	</source>
	<size>
		<width>512</width>
		<height>512</height>
		<depth>3</depth>
	</size>
	<segmented>0</segmented>
	<object>
		<name>FedEx</name>
		<pose>Unspecified</pose>
		<truncated>0</truncated>
		<difficult>0</difficult>
		<occluded>0</occluded>
		<bndbox>
			<xmin>29</xmin>
			<xmax>435</xmax>
			<ymin>3</ymin>
			<ymax>430</ymax>
		</bndbox>
	</object>
	<metadata>
	</metadata>
</annotation>
