<annotation>
	<folder></folder>
	<filename>020_jpg.rf.fce29d57d4877eb0347580e9ef94bfa2.jpg</filename>
	<path>020_jpg.rf.fce29d57d4877eb0347580e9ef94bfa2.jpg</path>
	<source>
		<database>roboflow.com</database>
	</source>
	<size>
		<width>512</width>
		<height>512</height>
		<depth>3</depth>
	</size>
	<segmented>0</segmented>
	<object>
		<name>Other</name>
		<pose>Unspecified</pose>
		<truncated>0</truncated>
		<difficult>0</difficult>
		<occluded>0</occluded>
		<bndbox>
			<xmin>21</xmin>
			<xmax>285</xmax>
			<ymin>1</ymin>
			<ymax>513</ymax>
		</bndbox>
	</object>
	<metadata>
	</metadata>
</annotation>
