<annotation>
	<folder></folder>
	<filename>020_jpg.rf.929d31b7057fd7eafa0303675bb14a45.jpg</filename>
	<path>020_jpg.rf.929d31b7057fd7eafa0303675bb14a45.jpg</path>
	<source>
		<database>roboflow.com</database>
	</source>
	<size>
		<width>476</width>
		<height>476</height>
		<depth>3</depth>
	</size>
	<segmented>0</segmented>
	<object>
		<name>Other</name>
		<pose>Unspecified</pose>
		<truncated>0</truncated>
		<difficult>0</difficult>
		<occluded>0</occluded>
		<bndbox>
			<xmin>2</xmin>
			<xmax>266</xmax>
			<ymin>1</ymin>
			<ymax>477</ymax>
		</bndbox>
	</object>
	<metadata>
	</metadata>
</annotation>
