<annotation>
	<folder></folder>
	<filename>020_jpg.rf.0dbbf96b9aed4c8fb8a7750fd2882437.jpg</filename>
	<path>020_jpg.rf.0dbbf96b9aed4c8fb8a7750fd2882437.jpg</path>
	<source>
		<database>roboflow.com</database>
	</source>
	<size>
		<width>456</width>
		<height>456</height>
		<depth>3</depth>
	</size>
	<segmented>0</segmented>
	<object>
		<name>Other</name>
		<pose>Unspecified</pose>
		<truncated>0</truncated>
		<difficult>0</difficult>
		<occluded>0</occluded>
		<bndbox>
			<xmin>20</xmin>
			<xmax>284</xmax>
			<ymin>1</ymin>
			<ymax>457</ymax>
		</bndbox>
	</object>
	<metadata>
	</metadata>
</annotation>
