<annotation>
	<folder></folder>
	<filename>021_jpg.rf.0d6b620c6a8432c3e30113b828c1fd42.jpg</filename>
	<path>021_jpg.rf.0d6b620c6a8432c3e30113b828c1fd42.jpg</path>
	<source>
		<database>roboflow.com</database>
	</source>
	<size>
		<width>512</width>
		<height>512</height>
		<depth>3</depth>
	</size>
	<segmented>0</segmented>
	<object>
		<name>Amazon</name>
		<pose>Unspecified</pose>
		<truncated>0</truncated>
		<difficult>0</difficult>
		<occluded>0</occluded>
		<bndbox>
			<xmin>160</xmin>
			<xmax>347</xmax>
			<ymin>69</ymin>
			<ymax>444</ymax>
		</bndbox>
	</object>
	<metadata>
	</metadata>
</annotation>
