<annotation>
	<folder></folder>
	<filename>021_jpg.rf.a8f2ac3a8a186cbaac22ffcbfa80a43f.jpg</filename>
	<path>021_jpg.rf.a8f2ac3a8a186cbaac22ffcbfa80a43f.jpg</path>
	<source>
		<database>roboflow.com</database>
	</source>
	<size>
		<width>498</width>
		<height>498</height>
		<depth>3</depth>
	</size>
	<segmented>0</segmented>
	<object>
		<name>Amazon</name>
		<pose>Unspecified</pose>
		<truncated>0</truncated>
		<difficult>0</difficult>
		<occluded>0</occluded>
		<bndbox>
			<xmin>150</xmin>
			<xmax>337</xmax>
			<ymin>63</ymin>
			<ymax>438</ymax>
		</bndbox>
	</object>
	<metadata>
	</metadata>
</annotation>
