<annotation>
	<folder></folder>
	<filename>021_jpg.rf.87da40b7a76113b1041d9e33f2aa6254.jpg</filename>
	<path>021_jpg.rf.87da40b7a76113b1041d9e33f2aa6254.jpg</path>
	<source>
		<database>roboflow.com</database>
	</source>
	<size>
		<width>506</width>
		<height>506</height>
		<depth>3</depth>
	</size>
	<segmented>0</segmented>
	<object>
		<name>FedEx</name>
		<pose>Unspecified</pose>
		<truncated>0</truncated>
		<difficult>0</difficult>
		<occluded>0</occluded>
		<bndbox>
			<xmin>107</xmin>
			<xmax>420</xmax>
			<ymin>253</ymin>
			<ymax>449</ymax>
		</bndbox>
	</object>
	<metadata>
	</metadata>
</annotation>
