<annotation>
	<folder></folder>
	<filename>021_jpg.rf.2fb275614111280d85abb29de6f3047f.jpg</filename>
	<path>021_jpg.rf.2fb275614111280d85abb29de6f3047f.jpg</path>
	<source>
		<database>roboflow.com</database>
	</source>
	<size>
		<width>512</width>
		<height>512</height>
		<depth>3</depth>
	</size>
	<segmented>0</segmented>
	<object>
		<name>FedEx</name>
		<pose>Unspecified</pose>
		<truncated>0</truncated>
		<difficult>0</difficult>
		<occluded>0</occluded>
		<bndbox>
			<xmin>111</xmin>
			<xmax>424</xmax>
			<ymin>253</ymin>
			<ymax>449</ymax>
		</bndbox>
	</object>
	<metadata>
	</metadata>
</annotation>
