<annotation>
	<folder></folder>
	<filename>021_jpg.rf.529e4c7134ef272255f79ac784252935.jpg</filename>
	<path>021_jpg.rf.529e4c7134ef272255f79ac784252935.jpg</path>
	<source>
		<database>roboflow.com</database>
	</source>
	<size>
		<width>512</width>
		<height>512</height>
		<depth>3</depth>
	</size>
	<segmented>0</segmented>
	<object>
		<name>Other</name>
		<pose>Unspecified</pose>
		<truncated>0</truncated>
		<difficult>0</difficult>
		<occluded>0</occluded>
		<bndbox>
			<xmin>120</xmin>
			<xmax>326</xmax>
			<ymin>208</ymin>
			<ymax>447</ymax>
		</bndbox>
	</object>
	<metadata>
	</metadata>
</annotation>
