<annotation>
	<folder></folder>
	<filename>021_jpg.rf.8861362f4b2f9dada76f55396bda8a0e.jpg</filename>
	<path>021_jpg.rf.8861362f4b2f9dada76f55396bda8a0e.jpg</path>
	<source>
		<database>roboflow.com</database>
	</source>
	<size>
		<width>506</width>
		<height>506</height>
		<depth>3</depth>
	</size>
	<segmented>0</segmented>
	<object>
		<name>Other</name>
		<pose>Unspecified</pose>
		<truncated>0</truncated>
		<difficult>0</difficult>
		<occluded>0</occluded>
		<bndbox>
			<xmin>117</xmin>
			<xmax>323</xmax>
			<ymin>208</ymin>
			<ymax>447</ymax>
		</bndbox>
	</object>
	<metadata>
	</metadata>
</annotation>
