<annotation>
	<folder></folder>
	<filename>021_jpg.rf.820b897cba97d4412b1ddfd6dbf02621.jpg</filename>
	<path>021_jpg.rf.820b897cba97d4412b1ddfd6dbf02621.jpg</path>
	<source>
		<database>roboflow.com</database>
	</source>
	<size>
		<width>498</width>
		<height>498</height>
		<depth>3</depth>
	</size>
	<segmented>0</segmented>
	<object>
		<name>Amazon</name>
		<pose>Unspecified</pose>
		<truncated>0</truncated>
		<difficult>0</difficult>
		<occluded>0</occluded>
		<bndbox>
			<xmin>157</xmin>
			<xmax>344</xmax>
			<ymin>66</ymin>
			<ymax>441</ymax>
		</bndbox>
	</object>
	<metadata>
	</metadata>
</annotation>
