<annotation>
	<folder></folder>
	<filename>021_jpg.rf.fc6f46128cdfa1e2dcc4011b6351ba72.jpg</filename>
	<path>021_jpg.rf.fc6f46128cdfa1e2dcc4011b6351ba72.jpg</path>
	<source>
		<database>roboflow.com</database>
	</source>
	<size>
		<width>480</width>
		<height>480</height>
		<depth>3</depth>
	</size>
	<segmented>0</segmented>
	<object>
		<name>FedEx</name>
		<pose>Unspecified</pose>
		<truncated>0</truncated>
		<difficult>0</difficult>
		<occluded>0</occluded>
		<bndbox>
			<xmin>77</xmin>
			<xmax>390</xmax>
			<ymin>44</ymin>
			<ymax>240</ymax>
		</bndbox>
	</object>
	<metadata>
	</metadata>
</annotation>
