<annotation>
	<folder></folder>
	<filename>021_jpg.rf.21b5157fbef7e56286f13272fb8d943f.jpg</filename>
	<path>021_jpg.rf.21b5157fbef7e56286f13272fb8d943f.jpg</path>
	<source>
		<database>roboflow.com</database>
	</source>
	<size>
		<width>466</width>
		<height>466</height>
		<depth>3</depth>
	</size>
	<segmented>0</segmented>
	<object>
		<name>Other</name>
		<pose>Unspecified</pose>
		<truncated>0</truncated>
		<difficult>0</difficult>
		<occluded>0</occluded>
		<bndbox>
			<xmin>115</xmin>
			<xmax>321</xmax>
			<ymin>45</ymin>
			<ymax>284</ymax>
		</bndbox>
	</object>
	<metadata>
	</metadata>
</annotation>
