<annotation>
	<folder></folder>
	<filename>022_jpg.rf.6603dac21f7c1964a41d084a8aed4d0f.jpg</filename>
	<path>022_jpg.rf.6603dac21f7c1964a41d084a8aed4d0f.jpg</path>
	<source>
		<database>roboflow.com</database>
	</source>
	<size>
		<width>488</width>
		<height>488</height>
		<depth>3</depth>
	</size>
	<segmented>0</segmented>
	<object>
		<name>Other</name>
		<pose>Unspecified</pose>
		<truncated>0</truncated>
		<difficult>0</difficult>
		<occluded>0</occluded>
		<bndbox>
			<xmin>102</xmin>
			<xmax>339</xmax>
			<ymin>192</ymin>
			<ymax>396</ymax>
		</bndbox>
	</object>
	<object>
		<name>Other</name>
		<pose>Unspecified</pose>
		<truncated>0</truncated>
		<difficult>0</difficult>
		<occluded>0</occluded>
		<bndbox>
			<xmin>265</xmin>
			<xmax>411</xmax>
			<ymin>173</ymin>
			<ymax>352</ymax>
		</bndbox>
	</object>
	<object>
		<name>Other</name>
		<pose>Unspecified</pose>
		<truncated>0</truncated>
		<difficult>0</difficult>
		<occluded>0</occluded>
		<bndbox>
			<xmin>242</xmin>
			<xmax>480</xmax>
			<ymin>36</ymin>
			<ymax>189</ymax>
		</bndbox>
	</object>
	<object>
		<name>Other</name>
		<pose>Unspecified</pose>
		<truncated>0</truncated>
		<difficult>0</difficult>
		<occluded>0</occluded>
		<bndbox>
			<xmin>87</xmin>
			<xmax>238</xmax>
			<ymin>46</ymin>
			<ymax>198</ymax>
		</bndbox>
	</object>
	<metadata>
	</metadata>
</annotation>
