<annotation>
	<folder></folder>
	<filename>022_jpg.rf.4aaf2160f1f3e2dd09719e0d0bb70a2e.jpg</filename>
	<path>022_jpg.rf.4aaf2160f1f3e2dd09719e0d0bb70a2e.jpg</path>
	<source>
		<database>roboflow.com</database>
	</source>
	<size>
		<width>476</width>
		<height>476</height>
		<depth>3</depth>
	</size>
	<segmented>0</segmented>
	<object>
		<name>FedEx</name>
		<pose>Unspecified</pose>
		<truncated>0</truncated>
		<difficult>0</difficult>
		<occluded>0</occluded>
		<bndbox>
			<xmin>5</xmin>
			<xmax>468</xmax>
			<ymin>90</ymin>
			<ymax>431</ymax>
		</bndbox>
	</object>
	<object>
		<name>FedEx</name>
		<pose>Unspecified</pose>
		<truncated>0</truncated>
		<difficult>0</difficult>
		<occluded>0</occluded>
		<bndbox>
			<xmin>1</xmin>
			<xmax>181</xmax>
			<ymin>1</ymin>
			<ymax>178</ymax>
		</bndbox>
	</object>
	<metadata>
	</metadata>
</annotation>
