<annotation>
	<folder></folder>
	<filename>022_jpg.rf.c120a66f7c1aafc1cfee74cfb62c78df.jpg</filename>
	<path>022_jpg.rf.c120a66f7c1aafc1cfee74cfb62c78df.jpg</path>
	<source>
		<database>roboflow.com</database>
	</source>
	<size>
		<width>512</width>
		<height>512</height>
		<depth>3</depth>
	</size>
	<segmented>0</segmented>
	<object>
		<name>FedEx</name>
		<pose>Unspecified</pose>
		<truncated>0</truncated>
		<difficult>0</difficult>
		<occluded>0</occluded>
		<bndbox>
			<xmin>37</xmin>
			<xmax>500</xmax>
			<ymin>124</ymin>
			<ymax>465</ymax>
		</bndbox>
	</object>
	<object>
		<name>FedEx</name>
		<pose>Unspecified</pose>
		<truncated>0</truncated>
		<difficult>0</difficult>
		<occluded>0</occluded>
		<bndbox>
			<xmin>2</xmin>
			<xmax>214</xmax>
			<ymin>15</ymin>
			<ymax>213</ymax>
		</bndbox>
	</object>
	<metadata>
	</metadata>
</annotation>
