<annotation>
	<folder></folder>
	<filename>022_jpg.rf.0031312254a7a626a9a5c1db4b6af850.jpg</filename>
	<path>022_jpg.rf.0031312254a7a626a9a5c1db4b6af850.jpg</path>
	<source>
		<database>roboflow.com</database>
	</source>
	<size>
		<width>504</width>
		<height>504</height>
		<depth>3</depth>
	</size>
	<segmented>0</segmented>
	<object>
		<name>Amazon</name>
		<pose>Unspecified</pose>
		<truncated>0</truncated>
		<difficult>0</difficult>
		<occluded>0</occluded>
		<bndbox>
			<xmin>42</xmin>
			<xmax>480</xmax>
			<ymin>1</ymin>
			<ymax>505</ymax>
		</bndbox>
	</object>
	<metadata>
	</metadata>
</annotation>
