<annotation>
	<folder></folder>
	<filename>022_jpg.rf.0fa6b69c0a34dba9108f861e01d94166.jpg</filename>
	<path>022_jpg.rf.0fa6b69c0a34dba9108f861e01d94166.jpg</path>
	<source>
		<database>roboflow.com</database>
	</source>
	<size>
		<width>456</width>
		<height>456</height>
		<depth>3</depth>
	</size>
	<segmented>0</segmented>
	<object>
		<name>Other</name>
		<pose>Unspecified</pose>
		<truncated>0</truncated>
		<difficult>0</difficult>
		<occluded>0</occluded>
		<bndbox>
			<xmin>57</xmin>
			<xmax>294</xmax>
			<ymin>61</ymin>
			<ymax>265</ymax>
		</bndbox>
	</object>
	<object>
		<name>Other</name>
		<pose>Unspecified</pose>
		<truncated>0</truncated>
		<difficult>0</difficult>
		<occluded>0</occluded>
		<bndbox>
			<xmin>220</xmin>
			<xmax>366</xmax>
			<ymin>105</ymin>
			<ymax>284</ymax>
		</bndbox>
	</object>
	<object>
		<name>Other</name>
		<pose>Unspecified</pose>
		<truncated>0</truncated>
		<difficult>0</difficult>
		<occluded>0</occluded>
		<bndbox>
			<xmin>197</xmin>
			<xmax>435</xmax>
			<ymin>268</ymin>
			<ymax>421</ymax>
		</bndbox>
	</object>
	<object>
		<name>Other</name>
		<pose>Unspecified</pose>
		<truncated>0</truncated>
		<difficult>0</difficult>
		<occluded>0</occluded>
		<bndbox>
			<xmin>42</xmin>
			<xmax>193</xmax>
			<ymin>259</ymin>
			<ymax>411</ymax>
		</bndbox>
	</object>
	<metadata>
	</metadata>
</annotation>
