<annotation>
	<folder></folder>
	<filename>022_jpg.rf.85120de69f4fbedf2002fbc0cb748dda.jpg</filename>
	<path>022_jpg.rf.85120de69f4fbedf2002fbc0cb748dda.jpg</path>
	<source>
		<database>roboflow.com</database>
	</source>
	<size>
		<width>490</width>
		<height>490</height>
		<depth>3</depth>
	</size>
	<segmented>0</segmented>
	<object>
		<name>Amazon</name>
		<pose>Unspecified</pose>
		<truncated>0</truncated>
		<difficult>0</difficult>
		<occluded>0</occluded>
		<bndbox>
			<xmin>23</xmin>
			<xmax>461</xmax>
			<ymin>1</ymin>
			<ymax>491</ymax>
		</bndbox>
	</object>
	<metadata>
	</metadata>
</annotation>
