<annotation>
	<folder></folder>
	<filename>022_jpg.rf.2810133e27bc7a7a623851a26693584b.jpg</filename>
	<path>022_jpg.rf.2810133e27bc7a7a623851a26693584b.jpg</path>
	<source>
		<database>roboflow.com</database>
	</source>
	<size>
		<width>480</width>
		<height>480</height>
		<depth>3</depth>
	</size>
	<segmented>0</segmented>
	<object>
		<name>FedEx</name>
		<pose>Unspecified</pose>
		<truncated>0</truncated>
		<difficult>0</difficult>
		<occluded>0</occluded>
		<bndbox>
			<xmin>1</xmin>
			<xmax>449</xmax>
			<ymin>17</ymin>
			<ymax>358</ymax>
		</bndbox>
	</object>
	<object>
		<name>FedEx</name>
		<pose>Unspecified</pose>
		<truncated>0</truncated>
		<difficult>0</difficult>
		<occluded>0</occluded>
		<bndbox>
			<xmin>272</xmin>
			<xmax>481</xmax>
			<ymin>270</ymin>
			<ymax>468</ymax>
		</bndbox>
	</object>
	<metadata>
	</metadata>
</annotation>
