<annotation>
	<folder></folder>
	<filename>022_jpg.rf.d1462f4629376b95c6e90e4b9ef54fd0.jpg</filename>
	<path>022_jpg.rf.d1462f4629376b95c6e90e4b9ef54fd0.jpg</path>
	<source>
		<database>roboflow.com</database>
	</source>
	<size>
		<width>512</width>
		<height>512</height>
		<depth>3</depth>
	</size>
	<segmented>0</segmented>
	<object>
		<name>Other</name>
		<pose>Unspecified</pose>
		<truncated>0</truncated>
		<difficult>0</difficult>
		<occluded>0</occluded>
		<bndbox>
			<xmin>105</xmin>
			<xmax>342</xmax>
			<ymin>107</ymin>
			<ymax>311</ymax>
		</bndbox>
	</object>
	<object>
		<name>Other</name>
		<pose>Unspecified</pose>
		<truncated>0</truncated>
		<difficult>0</difficult>
		<occluded>0</occluded>
		<bndbox>
			<xmin>268</xmin>
			<xmax>414</xmax>
			<ymin>151</ymin>
			<ymax>330</ymax>
		</bndbox>
	</object>
	<object>
		<name>Other</name>
		<pose>Unspecified</pose>
		<truncated>0</truncated>
		<difficult>0</difficult>
		<occluded>0</occluded>
		<bndbox>
			<xmin>245</xmin>
			<xmax>483</xmax>
			<ymin>314</ymin>
			<ymax>467</ymax>
		</bndbox>
	</object>
	<object>
		<name>Other</name>
		<pose>Unspecified</pose>
		<truncated>0</truncated>
		<difficult>0</difficult>
		<occluded>0</occluded>
		<bndbox>
			<xmin>90</xmin>
			<xmax>241</xmax>
			<ymin>305</ymin>
			<ymax>457</ymax>
		</bndbox>
	</object>
	<metadata>
	</metadata>
</annotation>
