<annotation>
	<folder></folder>
	<filename>022_jpg.rf.02cb62e44c9592e0e13dee640a26730f.jpg</filename>
	<path>022_jpg.rf.02cb62e44c9592e0e13dee640a26730f.jpg</path>
	<source>
		<database>roboflow.com</database>
	</source>
	<size>
		<width>512</width>
		<height>512</height>
		<depth>3</depth>
	</size>
	<segmented>0</segmented>
	<object>
		<name>Amazon</name>
		<pose>Unspecified</pose>
		<truncated>0</truncated>
		<difficult>0</difficult>
		<occluded>0</occluded>
		<bndbox>
			<xmin>43</xmin>
			<xmax>481</xmax>
			<ymin>1</ymin>
			<ymax>513</ymax>
		</bndbox>
	</object>
	<metadata>
	</metadata>
</annotation>
