<annotation>
	<folder></folder>
	<filename>023_jpg.rf.e4b4781daea2c5d2754c6c81439ff636.jpg</filename>
	<path>023_jpg.rf.e4b4781daea2c5d2754c6c81439ff636.jpg</path>
	<source>
		<database>roboflow.com</database>
	</source>
	<size>
		<width>504</width>
		<height>504</height>
		<depth>3</depth>
	</size>
	<segmented>0</segmented>
	<object>
		<name>Amazon</name>
		<pose>Unspecified</pose>
		<truncated>0</truncated>
		<difficult>0</difficult>
		<occluded>0</occluded>
		<bndbox>
			<xmin>170</xmin>
			<xmax>314</xmax>
			<ymin>172</ymin>
			<ymax>293</ymax>
		</bndbox>
	</object>
	<object>
		<name>Amazon</name>
		<pose>Unspecified</pose>
		<truncated>0</truncated>
		<difficult>0</difficult>
		<occluded>0</occluded>
		<bndbox>
			<xmin>156</xmin>
			<xmax>378</xmax>
			<ymin>254</ymin>
			<ymax>494</ymax>
		</bndbox>
	</object>
	<object>
		<name>Amazon</name>
		<pose>Unspecified</pose>
		<truncated>0</truncated>
		<difficult>0</difficult>
		<occluded>0</occluded>
		<bndbox>
			<xmin>131</xmin>
			<xmax>397</xmax>
			<ymin>413</ymin>
			<ymax>505</ymax>
		</bndbox>
	</object>
	<metadata>
	</metadata>
</annotation>
