<annotation>
	<folder></folder>
	<filename>023_jpg.rf.925df69feb10d275c7298f62928d9c55.jpg</filename>
	<path>023_jpg.rf.925df69feb10d275c7298f62928d9c55.jpg</path>
	<source>
		<database>roboflow.com</database>
	</source>
	<size>
		<width>508</width>
		<height>508</height>
		<depth>3</depth>
	</size>
	<segmented>0</segmented>
	<object>
		<name>FedEx</name>
		<pose>Unspecified</pose>
		<truncated>0</truncated>
		<difficult>0</difficult>
		<occluded>0</occluded>
		<bndbox>
			<xmin>12</xmin>
			<xmax>224</xmax>
			<ymin>321</ymin>
			<ymax>427</ymax>
		</bndbox>
	</object>
	<object>
		<name>FedEx</name>
		<pose>Unspecified</pose>
		<truncated>0</truncated>
		<difficult>0</difficult>
		<occluded>0</occluded>
		<bndbox>
			<xmin>12</xmin>
			<xmax>255</xmax>
			<ymin>73</ymin>
			<ymax>323</ymax>
		</bndbox>
	</object>
	<metadata>
	</metadata>
</annotation>
