<annotation>
	<folder></folder>
	<filename>023_jpg.rf.2b0c397a5d479aa37fd5dc12223b9154.jpg</filename>
	<path>023_jpg.rf.2b0c397a5d479aa37fd5dc12223b9154.jpg</path>
	<source>
		<database>roboflow.com</database>
	</source>
	<size>
		<width>488</width>
		<height>488</height>
		<depth>3</depth>
	</size>
	<segmented>0</segmented>
	<object>
		<name>Amazon</name>
		<pose>Unspecified</pose>
		<truncated>0</truncated>
		<difficult>0</difficult>
		<occluded>0</occluded>
		<bndbox>
			<xmin>178</xmin>
			<xmax>322</xmax>
			<ymin>206</ymin>
			<ymax>327</ymax>
		</bndbox>
	</object>
	<object>
		<name>Amazon</name>
		<pose>Unspecified</pose>
		<truncated>0</truncated>
		<difficult>0</difficult>
		<occluded>0</occluded>
		<bndbox>
			<xmin>114</xmin>
			<xmax>336</xmax>
			<ymin>5</ymin>
			<ymax>245</ymax>
		</bndbox>
	</object>
	<object>
		<name>Amazon</name>
		<pose>Unspecified</pose>
		<truncated>0</truncated>
		<difficult>0</difficult>
		<occluded>0</occluded>
		<bndbox>
			<xmin>95</xmin>
			<xmax>361</xmax>
			<ymin>1</ymin>
			<ymax>86</ymax>
		</bndbox>
	</object>
	<metadata>
	</metadata>
</annotation>
