<annotation>
	<folder></folder>
	<filename>023_jpg.rf.18a9733303cfe70c8b131762a8bbdc9f.jpg</filename>
	<path>023_jpg.rf.18a9733303cfe70c8b131762a8bbdc9f.jpg</path>
	<source>
		<database>roboflow.com</database>
	</source>
	<size>
		<width>492</width>
		<height>492</height>
		<depth>3</depth>
	</size>
	<segmented>0</segmented>
	<object>
		<name>FedEx</name>
		<pose>Unspecified</pose>
		<truncated>0</truncated>
		<difficult>0</difficult>
		<occluded>0</occluded>
		<bndbox>
			<xmin>1</xmin>
			<xmax>213</xmax>
			<ymin>308</ymin>
			<ymax>414</ymax>
		</bndbox>
	</object>
	<object>
		<name>FedEx</name>
		<pose>Unspecified</pose>
		<truncated>0</truncated>
		<difficult>0</difficult>
		<occluded>0</occluded>
		<bndbox>
			<xmin>1</xmin>
			<xmax>245</xmax>
			<ymin>60</ymin>
			<ymax>310</ymax>
		</bndbox>
	</object>
	<metadata>
	</metadata>
</annotation>
