<annotation>
	<folder></folder>
	<filename>023_jpg.rf.82937b6c4ef72f48e83f79736d3a9903.jpg</filename>
	<path>023_jpg.rf.82937b6c4ef72f48e83f79736d3a9903.jpg</path>
	<source>
		<database>roboflow.com</database>
	</source>
	<size>
		<width>512</width>
		<height>512</height>
		<depth>3</depth>
	</size>
	<segmented>0</segmented>
	<object>
		<name>FedEx</name>
		<pose>Unspecified</pose>
		<truncated>0</truncated>
		<difficult>0</difficult>
		<occluded>0</occluded>
		<bndbox>
			<xmin>288</xmin>
			<xmax>500</xmax>
			<ymin>85</ymin>
			<ymax>191</ymax>
		</bndbox>
	</object>
	<object>
		<name>FedEx</name>
		<pose>Unspecified</pose>
		<truncated>0</truncated>
		<difficult>0</difficult>
		<occluded>0</occluded>
		<bndbox>
			<xmin>257</xmin>
			<xmax>500</xmax>
			<ymin>189</ymin>
			<ymax>439</ymax>
		</bndbox>
	</object>
	<metadata>
	</metadata>
</annotation>
