<annotation>
	<folder></folder>
	<filename>023_jpg.rf.c4f311314165168de0d12fecade30c22.jpg</filename>
	<path>023_jpg.rf.c4f311314165168de0d12fecade30c22.jpg</path>
	<source>
		<database>roboflow.com</database>
	</source>
	<size>
		<width>512</width>
		<height>512</height>
		<depth>3</depth>
	</size>
	<segmented>0</segmented>
	<object>
		<name>Amazon</name>
		<pose>Unspecified</pose>
		<truncated>0</truncated>
		<difficult>0</difficult>
		<occluded>0</occluded>
		<bndbox>
			<xmin>175</xmin>
			<xmax>319</xmax>
			<ymin>176</ymin>
			<ymax>297</ymax>
		</bndbox>
	</object>
	<object>
		<name>Amazon</name>
		<pose>Unspecified</pose>
		<truncated>0</truncated>
		<difficult>0</difficult>
		<occluded>0</occluded>
		<bndbox>
			<xmin>161</xmin>
			<xmax>383</xmax>
			<ymin>258</ymin>
			<ymax>498</ymax>
		</bndbox>
	</object>
	<object>
		<name>Amazon</name>
		<pose>Unspecified</pose>
		<truncated>0</truncated>
		<difficult>0</difficult>
		<occluded>0</occluded>
		<bndbox>
			<xmin>136</xmin>
			<xmax>402</xmax>
			<ymin>418</ymin>
			<ymax>513</ymax>
		</bndbox>
	</object>
	<metadata>
	</metadata>
</annotation>
