<annotation>
	<folder></folder>
	<filename>024_jpg.rf.76ff82d0269d0b404654a01aa82d672a.jpg</filename>
	<path>024_jpg.rf.76ff82d0269d0b404654a01aa82d672a.jpg</path>
	<source>
		<database>roboflow.com</database>
	</source>
	<size>
		<width>442</width>
		<height>442</height>
		<depth>3</depth>
	</size>
	<segmented>0</segmented>
	<object>
		<name>Amazon</name>
		<pose>Unspecified</pose>
		<truncated>0</truncated>
		<difficult>0</difficult>
		<occluded>0</occluded>
		<bndbox>
			<xmin>102</xmin>
			<xmax>268</xmax>
			<ymin>33</ymin>
			<ymax>341</ymax>
		</bndbox>
	</object>
	<metadata>
	</metadata>
</annotation>
