<annotation>
	<folder></folder>
	<filename>024_jpg.rf.148d0d35de6ff9c108600b924cf27734.jpg</filename>
	<path>024_jpg.rf.148d0d35de6ff9c108600b924cf27734.jpg</path>
	<source>
		<database>roboflow.com</database>
	</source>
	<size>
		<width>484</width>
		<height>484</height>
		<depth>3</depth>
	</size>
	<segmented>0</segmented>
	<object>
		<name>FedEx</name>
		<pose>Unspecified</pose>
		<truncated>0</truncated>
		<difficult>0</difficult>
		<occluded>0</occluded>
		<bndbox>
			<xmin>1</xmin>
			<xmax>311</xmax>
			<ymin>95</ymin>
			<ymax>306</ymax>
		</bndbox>
	</object>
	<object>
		<name>FedEx</name>
		<pose>Unspecified</pose>
		<truncated>0</truncated>
		<difficult>0</difficult>
		<occluded>0</occluded>
		<bndbox>
			<xmin>20</xmin>
			<xmax>382</xmax>
			<ymin>327</ymin>
			<ymax>473</ymax>
		</bndbox>
	</object>
	<metadata>
	</metadata>
</annotation>
