<annotation>
	<folder></folder>
	<filename>024_jpg.rf.202a6f0ea69ce9422ccd7369c510d6eb.jpg</filename>
	<path>024_jpg.rf.202a6f0ea69ce9422ccd7369c510d6eb.jpg</path>
	<source>
		<database>roboflow.com</database>
	</source>
	<size>
		<width>462</width>
		<height>462</height>
		<depth>3</depth>
	</size>
	<segmented>0</segmented>
	<object>
		<name>Amazon</name>
		<pose>Unspecified</pose>
		<truncated>0</truncated>
		<difficult>0</difficult>
		<occluded>0</occluded>
		<bndbox>
			<xmin>183</xmin>
			<xmax>349</xmax>
			<ymin>95</ymin>
			<ymax>403</ymax>
		</bndbox>
	</object>
	<metadata>
	</metadata>
</annotation>
