<annotation>
	<folder></folder>
	<filename>024_jpg.rf.94b5a2ed0786ac7ad17fb7769da77203.jpg</filename>
	<path>024_jpg.rf.94b5a2ed0786ac7ad17fb7769da77203.jpg</path>
	<source>
		<database>roboflow.com</database>
	</source>
	<size>
		<width>490</width>
		<height>490</height>
		<depth>3</depth>
	</size>
	<segmented>0</segmented>
	<object>
		<name>FedEx</name>
		<pose>Unspecified</pose>
		<truncated>0</truncated>
		<difficult>0</difficult>
		<occluded>0</occluded>
		<bndbox>
			<xmin>180</xmin>
			<xmax>491</xmax>
			<ymin>97</ymin>
			<ymax>308</ymax>
		</bndbox>
	</object>
	<object>
		<name>FedEx</name>
		<pose>Unspecified</pose>
		<truncated>0</truncated>
		<difficult>0</difficult>
		<occluded>0</occluded>
		<bndbox>
			<xmin>109</xmin>
			<xmax>471</xmax>
			<ymin>329</ymin>
			<ymax>475</ymax>
		</bndbox>
	</object>
	<metadata>
	</metadata>
</annotation>
