<annotation>
	<folder></folder>
	<filename>024_jpg.rf.61e68ef0a35cbca3ffdd88e3388b47ab.jpg</filename>
	<path>024_jpg.rf.61e68ef0a35cbca3ffdd88e3388b47ab.jpg</path>
	<source>
		<database>roboflow.com</database>
	</source>
	<size>
		<width>512</width>
		<height>512</height>
		<depth>3</depth>
	</size>
	<segmented>0</segmented>
	<object>
		<name>Other</name>
		<pose>Unspecified</pose>
		<truncated>0</truncated>
		<difficult>0</difficult>
		<occluded>0</occluded>
		<bndbox>
			<xmin>147</xmin>
			<xmax>460</xmax>
			<ymin>123</ymin>
			<ymax>486</ymax>
		</bndbox>
	</object>
	<metadata>
	</metadata>
</annotation>
