<annotation>
	<folder></folder>
	<filename>024_jpg.rf.141de857df1f25a5b43393e048b22ab4.jpg</filename>
	<path>024_jpg.rf.141de857df1f25a5b43393e048b22ab4.jpg</path>
	<source>
		<database>roboflow.com</database>
	</source>
	<size>
		<width>490</width>
		<height>490</height>
		<depth>3</depth>
	</size>
	<segmented>0</segmented>
	<object>
		<name>Other</name>
		<pose>Unspecified</pose>
		<truncated>0</truncated>
		<difficult>0</difficult>
		<occluded>0</occluded>
		<bndbox>
			<xmin>136</xmin>
			<xmax>449</xmax>
			<ymin>105</ymin>
			<ymax>468</ymax>
		</bndbox>
	</object>
	<metadata>
	</metadata>
</annotation>
