<annotation>
	<folder></folder>
	<filename>024_jpg.rf.b4cf57b6c64b93acdb485aef8081d92c.jpg</filename>
	<path>024_jpg.rf.b4cf57b6c64b93acdb485aef8081d92c.jpg</path>
	<source>
		<database>roboflow.com</database>
	</source>
	<size>
		<width>512</width>
		<height>512</height>
		<depth>3</depth>
	</size>
	<segmented>0</segmented>
	<object>
		<name>FedEx</name>
		<pose>Unspecified</pose>
		<truncated>0</truncated>
		<difficult>0</difficult>
		<occluded>0</occluded>
		<bndbox>
			<xmin>186</xmin>
			<xmax>513</xmax>
			<ymin>103</ymin>
			<ymax>314</ymax>
		</bndbox>
	</object>
	<object>
		<name>FedEx</name>
		<pose>Unspecified</pose>
		<truncated>0</truncated>
		<difficult>0</difficult>
		<occluded>0</occluded>
		<bndbox>
			<xmin>115</xmin>
			<xmax>477</xmax>
			<ymin>335</ymin>
			<ymax>481</ymax>
		</bndbox>
	</object>
	<metadata>
	</metadata>
</annotation>
