<annotation>
	<folder></folder>
	<filename>025_jpg.rf.ce3e9dd1c9f2f4524c724c1ec978fd12.jpg</filename>
	<path>025_jpg.rf.ce3e9dd1c9f2f4524c724c1ec978fd12.jpg</path>
	<source>
		<database>roboflow.com</database>
	</source>
	<size>
		<width>500</width>
		<height>500</height>
		<depth>3</depth>
	</size>
	<segmented>0</segmented>
	<object>
		<name>FedEx</name>
		<pose>Unspecified</pose>
		<truncated>0</truncated>
		<difficult>0</difficult>
		<occluded>0</occluded>
		<bndbox>
			<xmin>93</xmin>
			<xmax>391</xmax>
			<ymin>151</ymin>
			<ymax>466</ymax>
		</bndbox>
	</object>
	<metadata>
	</metadata>
</annotation>
