<annotation>
	<folder></folder>
	<filename>025_jpg.rf.a199e97f3634803aa8b66e2d04ca5260.jpg</filename>
	<path>025_jpg.rf.a199e97f3634803aa8b66e2d04ca5260.jpg</path>
	<source>
		<database>roboflow.com</database>
	</source>
	<size>
		<width>488</width>
		<height>488</height>
		<depth>3</depth>
	</size>
	<segmented>0</segmented>
	<object>
		<name>FedEx</name>
		<pose>Unspecified</pose>
		<truncated>0</truncated>
		<difficult>0</difficult>
		<occluded>0</occluded>
		<bndbox>
			<xmin>108</xmin>
			<xmax>406</xmax>
			<ymin>138</ymin>
			<ymax>453</ymax>
		</bndbox>
	</object>
	<metadata>
	</metadata>
</annotation>
