<annotation>
	<folder></folder>
	<filename>025_jpg.rf.f9816de5678150a76732b08ad302cc93.jpg</filename>
	<path>025_jpg.rf.f9816de5678150a76732b08ad302cc93.jpg</path>
	<source>
		<database>roboflow.com</database>
	</source>
	<size>
		<width>512</width>
		<height>512</height>
		<depth>3</depth>
	</size>
	<segmented>0</segmented>
	<object>
		<name>FedEx</name>
		<pose>Unspecified</pose>
		<truncated>0</truncated>
		<difficult>0</difficult>
		<occluded>0</occluded>
		<bndbox>
			<xmin>97</xmin>
			<xmax>395</xmax>
			<ymin>160</ymin>
			<ymax>475</ymax>
		</bndbox>
	</object>
	<metadata>
	</metadata>
</annotation>
