<annotation>
	<folder></folder>
	<filename>025_jpg.rf.bcad6015df420bfae6e1888ce76b8fb3.jpg</filename>
	<path>025_jpg.rf.bcad6015df420bfae6e1888ce76b8fb3.jpg</path>
	<source>
		<database>roboflow.com</database>
	</source>
	<size>
		<width>466</width>
		<height>466</height>
		<depth>3</depth>
	</size>
	<segmented>0</segmented>
	<object>
		<name>Other</name>
		<pose>Unspecified</pose>
		<truncated>0</truncated>
		<difficult>0</difficult>
		<occluded>0</occluded>
		<bndbox>
			<xmin>195</xmin>
			<xmax>330</xmax>
			<ymin>152</ymin>
			<ymax>280</ymax>
		</bndbox>
	</object>
	<object>
		<name>Other</name>
		<pose>Unspecified</pose>
		<truncated>0</truncated>
		<difficult>0</difficult>
		<occluded>0</occluded>
		<bndbox>
			<xmin>154</xmin>
			<xmax>354</xmax>
			<ymin>271</ymin>
			<ymax>455</ymax>
		</bndbox>
	</object>
	<metadata>
	</metadata>
</annotation>
