<annotation>
	<folder></folder>
	<filename>025_jpg.rf.64cec870d847a32568bdb3798b99c992.jpg</filename>
	<path>025_jpg.rf.64cec870d847a32568bdb3798b99c992.jpg</path>
	<source>
		<database>roboflow.com</database>
	</source>
	<size>
		<width>446</width>
		<height>446</height>
		<depth>3</depth>
	</size>
	<segmented>0</segmented>
	<object>
		<name>Other</name>
		<pose>Unspecified</pose>
		<truncated>0</truncated>
		<difficult>0</difficult>
		<occluded>0</occluded>
		<bndbox>
			<xmin>76</xmin>
			<xmax>211</xmax>
			<ymin>117</ymin>
			<ymax>245</ymax>
		</bndbox>
	</object>
	<object>
		<name>Other</name>
		<pose>Unspecified</pose>
		<truncated>0</truncated>
		<difficult>0</difficult>
		<occluded>0</occluded>
		<bndbox>
			<xmin>52</xmin>
			<xmax>252</xmax>
			<ymin>236</ymin>
			<ymax>420</ymax>
		</bndbox>
	</object>
	<metadata>
	</metadata>
</annotation>
