<annotation>
	<folder></folder>
	<filename>025_jpg.rf.90b903411b136da14e378b34aa806526.jpg</filename>
	<path>025_jpg.rf.90b903411b136da14e378b34aa806526.jpg</path>
	<source>
		<database>roboflow.com</database>
	</source>
	<size>
		<width>512</width>
		<height>512</height>
		<depth>3</depth>
	</size>
	<segmented>0</segmented>
	<object>
		<name>Other</name>
		<pose>Unspecified</pose>
		<truncated>0</truncated>
		<difficult>0</difficult>
		<occluded>0</occluded>
		<bndbox>
			<xmin>237</xmin>
			<xmax>372</xmax>
			<ymin>176</ymin>
			<ymax>304</ymax>
		</bndbox>
	</object>
	<object>
		<name>Other</name>
		<pose>Unspecified</pose>
		<truncated>0</truncated>
		<difficult>0</difficult>
		<occluded>0</occluded>
		<bndbox>
			<xmin>196</xmin>
			<xmax>396</xmax>
			<ymin>295</ymin>
			<ymax>479</ymax>
		</bndbox>
	</object>
	<metadata>
	</metadata>
</annotation>
