<annotation>
	<folder></folder>
	<filename>026_jpg.rf.3128b0ea293849b5c09900b9ad9b6271.jpg</filename>
	<path>026_jpg.rf.3128b0ea293849b5c09900b9ad9b6271.jpg</path>
	<source>
		<database>roboflow.com</database>
	</source>
	<size>
		<width>512</width>
		<height>512</height>
		<depth>3</depth>
	</size>
	<segmented>0</segmented>
	<object>
		<name>Other</name>
		<pose>Unspecified</pose>
		<truncated>0</truncated>
		<difficult>0</difficult>
		<occluded>0</occluded>
		<bndbox>
			<xmin>56</xmin>
			<xmax>459</xmax>
			<ymin>47</ymin>
			<ymax>483</ymax>
		</bndbox>
	</object>
	<metadata>
	</metadata>
</annotation>
