<annotation>
	<folder></folder>
	<filename>026_jpg.rf.0cae7e90139a52845b90db9daf91abcb.jpg</filename>
	<path>026_jpg.rf.0cae7e90139a52845b90db9daf91abcb.jpg</path>
	<source>
		<database>roboflow.com</database>
	</source>
	<size>
		<width>460</width>
		<height>460</height>
		<depth>3</depth>
	</size>
	<segmented>0</segmented>
	<object>
		<name>Other</name>
		<pose>Unspecified</pose>
		<truncated>0</truncated>
		<difficult>0</difficult>
		<occluded>0</occluded>
		<bndbox>
			<xmin>26</xmin>
			<xmax>430</xmax>
			<ymin>31</ymin>
			<ymax>461</ymax>
		</bndbox>
	</object>
	<metadata>
	</metadata>
</annotation>
