<annotation>
	<folder></folder>
	<filename>026_jpg.rf.d9e964712f88db7225575e94cff13e66.jpg</filename>
	<path>026_jpg.rf.d9e964712f88db7225575e94cff13e66.jpg</path>
	<source>
		<database>roboflow.com</database>
	</source>
	<size>
		<width>462</width>
		<height>462</height>
		<depth>3</depth>
	</size>
	<segmented>0</segmented>
	<object>
		<name>Other</name>
		<pose>Unspecified</pose>
		<truncated>0</truncated>
		<difficult>0</difficult>
		<occluded>0</occluded>
		<bndbox>
			<xmin>41</xmin>
			<xmax>444</xmax>
			<ymin>9</ymin>
			<ymax>445</ymax>
		</bndbox>
	</object>
	<metadata>
	</metadata>
</annotation>
