<annotation>
	<folder></folder>
	<filename>027_jpg.rf.bd441db8f8f7ea78f51ad7990766f0b3.jpg</filename>
	<path>027_jpg.rf.bd441db8f8f7ea78f51ad7990766f0b3.jpg</path>
	<source>
		<database>roboflow.com</database>
	</source>
	<size>
		<width>482</width>
		<height>482</height>
		<depth>3</depth>
	</size>
	<segmented>0</segmented>
	<object>
		<name>Amazon</name>
		<pose>Unspecified</pose>
		<truncated>0</truncated>
		<difficult>0</difficult>
		<occluded>0</occluded>
		<bndbox>
			<xmin>103</xmin>
			<xmax>394</xmax>
			<ymin>168</ymin>
			<ymax>443</ymax>
		</bndbox>
	</object>
	<object>
		<name>Amazon</name>
		<pose>Unspecified</pose>
		<truncated>0</truncated>
		<difficult>0</difficult>
		<occluded>0</occluded>
		<bndbox>
			<xmin>150</xmin>
			<xmax>354</xmax>
			<ymin>80</ymin>
			<ymax>180</ymax>
		</bndbox>
	</object>
	<metadata>
	</metadata>
</annotation>
