<annotation>
	<folder></folder>
	<filename>027_jpg.rf.79d9411e5b7fe0696de1e8d8f3b82f4d.jpg</filename>
	<path>027_jpg.rf.79d9411e5b7fe0696de1e8d8f3b82f4d.jpg</path>
	<source>
		<database>roboflow.com</database>
	</source>
	<size>
		<width>484</width>
		<height>484</height>
		<depth>3</depth>
	</size>
	<segmented>0</segmented>
	<object>
		<name>Amazon</name>
		<pose>Unspecified</pose>
		<truncated>0</truncated>
		<difficult>0</difficult>
		<occluded>0</occluded>
		<bndbox>
			<xmin>92</xmin>
			<xmax>383</xmax>
			<ymin>175</ymin>
			<ymax>450</ymax>
		</bndbox>
	</object>
	<object>
		<name>Amazon</name>
		<pose>Unspecified</pose>
		<truncated>0</truncated>
		<difficult>0</difficult>
		<occluded>0</occluded>
		<bndbox>
			<xmin>132</xmin>
			<xmax>336</xmax>
			<ymin>87</ymin>
			<ymax>187</ymax>
		</bndbox>
	</object>
	<metadata>
	</metadata>
</annotation>
