<annotation>
	<folder></folder>
	<filename>027_jpg.rf.4d680b1fe15ebf93034b38880cfdec54.jpg</filename>
	<path>027_jpg.rf.4d680b1fe15ebf93034b38880cfdec54.jpg</path>
	<source>
		<database>roboflow.com</database>
	</source>
	<size>
		<width>512</width>
		<height>512</height>
		<depth>3</depth>
	</size>
	<segmented>0</segmented>
	<object>
		<name>Amazon</name>
		<pose>Unspecified</pose>
		<truncated>0</truncated>
		<difficult>0</difficult>
		<occluded>0</occluded>
		<bndbox>
			<xmin>95</xmin>
			<xmax>386</xmax>
			<ymin>189</ymin>
			<ymax>464</ymax>
		</bndbox>
	</object>
	<object>
		<name>Amazon</name>
		<pose>Unspecified</pose>
		<truncated>0</truncated>
		<difficult>0</difficult>
		<occluded>0</occluded>
		<bndbox>
			<xmin>135</xmin>
			<xmax>339</xmax>
			<ymin>101</ymin>
			<ymax>201</ymax>
		</bndbox>
	</object>
	<metadata>
	</metadata>
</annotation>
