<annotation>
	<folder></folder>
	<filename>028_jpg.rf.29a5ed23e370c1ee87f69f0d1047df91.jpg</filename>
	<path>028_jpg.rf.29a5ed23e370c1ee87f69f0d1047df91.jpg</path>
	<source>
		<database>roboflow.com</database>
	</source>
	<size>
		<width>454</width>
		<height>454</height>
		<depth>3</depth>
	</size>
	<segmented>0</segmented>
	<object>
		<name>Amazon</name>
		<pose>Unspecified</pose>
		<truncated>0</truncated>
		<difficult>0</difficult>
		<occluded>0</occluded>
		<bndbox>
			<xmin>37</xmin>
			<xmax>443</xmax>
			<ymin>21</ymin>
			<ymax>455</ymax>
		</bndbox>
	</object>
	<metadata>
	</metadata>
</annotation>
