<annotation>
	<folder></folder>
	<filename>028_jpg.rf.6aca5e443ca67908208aa4a521de6095.jpg</filename>
	<path>028_jpg.rf.6aca5e443ca67908208aa4a521de6095.jpg</path>
	<source>
		<database>roboflow.com</database>
	</source>
	<size>
		<width>512</width>
		<height>512</height>
		<depth>3</depth>
	</size>
	<segmented>0</segmented>
	<object>
		<name>Amazon</name>
		<pose>Unspecified</pose>
		<truncated>0</truncated>
		<difficult>0</difficult>
		<occluded>0</occluded>
		<bndbox>
			<xmin>56</xmin>
			<xmax>462</xmax>
			<ymin>46</ymin>
			<ymax>513</ymax>
		</bndbox>
	</object>
	<metadata>
	</metadata>
</annotation>
