<annotation>
	<folder></folder>
	<filename>028_jpg.rf.74d29bea2bbd35f0f3f12ff0152876da.jpg</filename>
	<path>028_jpg.rf.74d29bea2bbd35f0f3f12ff0152876da.jpg</path>
	<source>
		<database>roboflow.com</database>
	</source>
	<size>
		<width>508</width>
		<height>508</height>
		<depth>3</depth>
	</size>
	<segmented>0</segmented>
	<object>
		<name>FedEx</name>
		<pose>Unspecified</pose>
		<truncated>0</truncated>
		<difficult>0</difficult>
		<occluded>0</occluded>
		<bndbox>
			<xmin>57</xmin>
			<xmax>267</xmax>
			<ymin>53</ymin>
			<ymax>252</ymax>
		</bndbox>
	</object>
	<metadata>
	</metadata>
</annotation>
