<annotation>
	<folder></folder>
	<filename>028_jpg.rf.dc9fba62b1b6964058e8ad62ee346283.jpg</filename>
	<path>028_jpg.rf.dc9fba62b1b6964058e8ad62ee346283.jpg</path>
	<source>
		<database>roboflow.com</database>
	</source>
	<size>
		<width>506</width>
		<height>506</height>
		<depth>3</depth>
	</size>
	<segmented>0</segmented>
	<object>
		<name>Other</name>
		<pose>Unspecified</pose>
		<truncated>0</truncated>
		<difficult>0</difficult>
		<occluded>0</occluded>
		<bndbox>
			<xmin>236</xmin>
			<xmax>418</xmax>
			<ymin>241</ymin>
			<ymax>448</ymax>
		</bndbox>
	</object>
	<metadata>
	</metadata>
</annotation>
