<annotation>
	<folder></folder>
	<filename>028_jpg.rf.d09b52236279ea2226fb0e3d1e101ea7.jpg</filename>
	<path>028_jpg.rf.d09b52236279ea2226fb0e3d1e101ea7.jpg</path>
	<source>
		<database>roboflow.com</database>
	</source>
	<size>
		<width>498</width>
		<height>498</height>
		<depth>3</depth>
	</size>
	<segmented>0</segmented>
	<object>
		<name>Amazon</name>
		<pose>Unspecified</pose>
		<truncated>0</truncated>
		<difficult>0</difficult>
		<occluded>0</occluded>
		<bndbox>
			<xmin>49</xmin>
			<xmax>455</xmax>
			<ymin>1</ymin>
			<ymax>467</ymax>
		</bndbox>
	</object>
	<metadata>
	</metadata>
</annotation>
