<annotation>
	<folder></folder>
	<filename>028_jpg.rf.d88c4f66d85b395eaaec9e7017cc3d99.jpg</filename>
	<path>028_jpg.rf.d88c4f66d85b395eaaec9e7017cc3d99.jpg</path>
	<source>
		<database>roboflow.com</database>
	</source>
	<size>
		<width>512</width>
		<height>512</height>
		<depth>3</depth>
	</size>
	<segmented>0</segmented>
	<object>
		<name>FedEx</name>
		<pose>Unspecified</pose>
		<truncated>0</truncated>
		<difficult>0</difficult>
		<occluded>0</occluded>
		<bndbox>
			<xmin>57</xmin>
			<xmax>267</xmax>
			<ymin>55</ymin>
			<ymax>254</ymax>
		</bndbox>
	</object>
	<metadata>
	</metadata>
</annotation>
