<annotation>
	<folder></folder>
	<filename>028_jpg.rf.2c81663c6112aa34fb6f5f966bbde290.jpg</filename>
	<path>028_jpg.rf.2c81663c6112aa34fb6f5f966bbde290.jpg</path>
	<source>
		<database>roboflow.com</database>
	</source>
	<size>
		<width>512</width>
		<height>512</height>
		<depth>3</depth>
	</size>
	<segmented>0</segmented>
	<object>
		<name>Other</name>
		<pose>Unspecified</pose>
		<truncated>0</truncated>
		<difficult>0</difficult>
		<occluded>0</occluded>
		<bndbox>
			<xmin>239</xmin>
			<xmax>421</xmax>
			<ymin>243</ymin>
			<ymax>450</ymax>
		</bndbox>
	</object>
	<metadata>
	</metadata>
</annotation>
