<annotation>
	<folder></folder>
	<filename>028_jpg.rf.966deb3495cffb60ad2c7e44dfcfcd3b.jpg</filename>
	<path>028_jpg.rf.966deb3495cffb60ad2c7e44dfcfcd3b.jpg</path>
	<source>
		<database>roboflow.com</database>
	</source>
	<size>
		<width>508</width>
		<height>508</height>
		<depth>3</depth>
	</size>
	<segmented>0</segmented>
	<object>
		<name>FedEx</name>
		<pose>Unspecified</pose>
		<truncated>0</truncated>
		<difficult>0</difficult>
		<occluded>0</occluded>
		<bndbox>
			<xmin>243</xmin>
			<xmax>453</xmax>
			<ymin>257</ymin>
			<ymax>456</ymax>
		</bndbox>
	</object>
	<metadata>
	</metadata>
</annotation>
