<annotation>
	<folder></folder>
	<filename>029_jpg.rf.ba5bfd2a35c179eba56887d61adcd469.jpg</filename>
	<path>029_jpg.rf.ba5bfd2a35c179eba56887d61adcd469.jpg</path>
	<source>
		<database>roboflow.com</database>
	</source>
	<size>
		<width>512</width>
		<height>512</height>
		<depth>3</depth>
	</size>
	<segmented>0</segmented>
	<object>
		<name>Amazon</name>
		<pose>Unspecified</pose>
		<truncated>0</truncated>
		<difficult>0</difficult>
		<occluded>0</occluded>
		<bndbox>
			<xmin>99</xmin>
			<xmax>435</xmax>
			<ymin>55</ymin>
			<ymax>461</ymax>
		</bndbox>
	</object>
	<object>
		<name>Amazon</name>
		<pose>Unspecified</pose>
		<truncated>0</truncated>
		<difficult>0</difficult>
		<occluded>0</occluded>
		<bndbox>
			<xmin>2</xmin>
			<xmax>95</xmax>
			<ymin>18</ymin>
			<ymax>189</ymax>
		</bndbox>
	</object>
	<metadata>
	</metadata>
</annotation>
