<annotation>
	<folder></folder>
	<filename>029_jpg.rf.ba509b017987d13a36053c667934b1e9.jpg</filename>
	<path>029_jpg.rf.ba509b017987d13a36053c667934b1e9.jpg</path>
	<source>
		<database>roboflow.com</database>
	</source>
	<size>
		<width>446</width>
		<height>446</height>
		<depth>3</depth>
	</size>
	<segmented>0</segmented>
	<object>
		<name>FedEx</name>
		<pose>Unspecified</pose>
		<truncated>0</truncated>
		<difficult>0</difficult>
		<occluded>0</occluded>
		<bndbox>
			<xmin>160</xmin>
			<xmax>245</xmax>
			<ymin>302</ymin>
			<ymax>424</ymax>
		</bndbox>
	</object>
	<object>
		<name>FedEx</name>
		<pose>Unspecified</pose>
		<truncated>0</truncated>
		<difficult>0</difficult>
		<occluded>0</occluded>
		<bndbox>
			<xmin>155</xmin>
			<xmax>266</xmax>
			<ymin>177</ymin>
			<ymax>268</ymax>
		</bndbox>
	</object>
	<object>
		<name>FedEx</name>
		<pose>Unspecified</pose>
		<truncated>0</truncated>
		<difficult>0</difficult>
		<occluded>0</occluded>
		<bndbox>
			<xmin>161</xmin>
			<xmax>268</xmax>
			<ymin>262</ymin>
			<ymax>302</ymax>
		</bndbox>
	</object>
	<metadata>
	</metadata>
</annotation>
