<annotation>
	<folder></folder>
	<filename>029_jpg.rf.44bc091a0f44bd0afb97245ecbbb0668.jpg</filename>
	<path>029_jpg.rf.44bc091a0f44bd0afb97245ecbbb0668.jpg</path>
	<source>
		<database>roboflow.com</database>
	</source>
	<size>
		<width>480</width>
		<height>480</height>
		<depth>3</depth>
	</size>
	<segmented>0</segmented>
	<object>
		<name>Other</name>
		<pose>Unspecified</pose>
		<truncated>0</truncated>
		<difficult>0</difficult>
		<occluded>0</occluded>
		<bndbox>
			<xmin>168</xmin>
			<xmax>342</xmax>
			<ymin>182</ymin>
			<ymax>407</ymax>
		</bndbox>
	</object>
	<metadata>
	</metadata>
</annotation>
