<annotation>
	<folder></folder>
	<filename>029_jpg.rf.78448ecaa56ef154465af5894e403ca2.jpg</filename>
	<path>029_jpg.rf.78448ecaa56ef154465af5894e403ca2.jpg</path>
	<source>
		<database>roboflow.com</database>
	</source>
	<size>
		<width>508</width>
		<height>508</height>
		<depth>3</depth>
	</size>
	<segmented>0</segmented>
	<object>
		<name>Amazon</name>
		<pose>Unspecified</pose>
		<truncated>0</truncated>
		<difficult>0</difficult>
		<occluded>0</occluded>
		<bndbox>
			<xmin>77</xmin>
			<xmax>413</xmax>
			<ymin>50</ymin>
			<ymax>456</ymax>
		</bndbox>
	</object>
	<object>
		<name>Amazon</name>
		<pose>Unspecified</pose>
		<truncated>0</truncated>
		<difficult>0</difficult>
		<occluded>0</occluded>
		<bndbox>
			<xmin>417</xmin>
			<xmax>509</xmax>
			<ymin>323</ymin>
			<ymax>494</ymax>
		</bndbox>
	</object>
	<metadata>
	</metadata>
</annotation>
