<annotation>
	<folder></folder>
	<filename>029_jpg.rf.fab136c52756250e255ed12e1226a2c0.jpg</filename>
	<path>029_jpg.rf.fab136c52756250e255ed12e1226a2c0.jpg</path>
	<source>
		<database>roboflow.com</database>
	</source>
	<size>
		<width>446</width>
		<height>446</height>
		<depth>3</depth>
	</size>
	<segmented>0</segmented>
	<object>
		<name>Other</name>
		<pose>Unspecified</pose>
		<truncated>0</truncated>
		<difficult>0</difficult>
		<occluded>0</occluded>
		<bndbox>
			<xmin>157</xmin>
			<xmax>331</xmax>
			<ymin>14</ymin>
			<ymax>239</ymax>
		</bndbox>
	</object>
	<metadata>
	</metadata>
</annotation>
