<annotation>
	<folder></folder>
	<filename>029_jpg.rf.6045222751a78088ed32c521ee8ef44c.jpg</filename>
	<path>029_jpg.rf.6045222751a78088ed32c521ee8ef44c.jpg</path>
	<source>
		<database>roboflow.com</database>
	</source>
	<size>
		<width>512</width>
		<height>512</height>
		<depth>3</depth>
	</size>
	<segmented>0</segmented>
	<object>
		<name>FedEx</name>
		<pose>Unspecified</pose>
		<truncated>0</truncated>
		<difficult>0</difficult>
		<occluded>0</occluded>
		<bndbox>
			<xmin>261</xmin>
			<xmax>346</xmax>
			<ymin>82</ymin>
			<ymax>204</ymax>
		</bndbox>
	</object>
	<object>
		<name>FedEx</name>
		<pose>Unspecified</pose>
		<truncated>0</truncated>
		<difficult>0</difficult>
		<occluded>0</occluded>
		<bndbox>
			<xmin>240</xmin>
			<xmax>351</xmax>
			<ymin>238</ymin>
			<ymax>329</ymax>
		</bndbox>
	</object>
	<object>
		<name>FedEx</name>
		<pose>Unspecified</pose>
		<truncated>0</truncated>
		<difficult>0</difficult>
		<occluded>0</occluded>
		<bndbox>
			<xmin>238</xmin>
			<xmax>345</xmax>
			<ymin>204</ymin>
			<ymax>244</ymax>
		</bndbox>
	</object>
	<metadata>
	</metadata>
</annotation>
