<annotation>
	<folder></folder>
	<filename>029_jpg.rf.09060a9ccdd5d4c5957ba327b13062a1.jpg</filename>
	<path>029_jpg.rf.09060a9ccdd5d4c5957ba327b13062a1.jpg</path>
	<source>
		<database>roboflow.com</database>
	</source>
	<size>
		<width>480</width>
		<height>480</height>
		<depth>3</depth>
	</size>
	<segmented>0</segmented>
	<object>
		<name>Amazon</name>
		<pose>Unspecified</pose>
		<truncated>0</truncated>
		<difficult>0</difficult>
		<occluded>0</occluded>
		<bndbox>
			<xmin>60</xmin>
			<xmax>396</xmax>
			<ymin>36</ymin>
			<ymax>442</ymax>
		</bndbox>
	</object>
	<object>
		<name>Amazon</name>
		<pose>Unspecified</pose>
		<truncated>0</truncated>
		<difficult>0</difficult>
		<occluded>0</occluded>
		<bndbox>
			<xmin>400</xmin>
			<xmax>481</xmax>
			<ymin>1</ymin>
			<ymax>169</ymax>
		</bndbox>
	</object>
	<metadata>
	</metadata>
</annotation>
