<annotation>
	<folder></folder>
	<filename>029_jpg.rf.f955289205630c1a09b5279de97a5bb5.jpg</filename>
	<path>029_jpg.rf.f955289205630c1a09b5279de97a5bb5.jpg</path>
	<source>
		<database>roboflow.com</database>
	</source>
	<size>
		<width>472</width>
		<height>472</height>
		<depth>3</depth>
	</size>
	<segmented>0</segmented>
	<object>
		<name>FedEx</name>
		<pose>Unspecified</pose>
		<truncated>0</truncated>
		<difficult>0</difficult>
		<occluded>0</occluded>
		<bndbox>
			<xmin>240</xmin>
			<xmax>325</xmax>
			<ymin>278</ymin>
			<ymax>400</ymax>
		</bndbox>
	</object>
	<object>
		<name>FedEx</name>
		<pose>Unspecified</pose>
		<truncated>0</truncated>
		<difficult>0</difficult>
		<occluded>0</occluded>
		<bndbox>
			<xmin>219</xmin>
			<xmax>330</xmax>
			<ymin>153</ymin>
			<ymax>244</ymax>
		</bndbox>
	</object>
	<object>
		<name>FedEx</name>
		<pose>Unspecified</pose>
		<truncated>0</truncated>
		<difficult>0</difficult>
		<occluded>0</occluded>
		<bndbox>
			<xmin>217</xmin>
			<xmax>324</xmax>
			<ymin>238</ymin>
			<ymax>278</ymax>
		</bndbox>
	</object>
	<metadata>
	</metadata>
</annotation>
