<annotation>
	<folder></folder>
	<filename>030_jpg.rf.149be34ec7872c3fed0656160a32554f.jpg</filename>
	<path>030_jpg.rf.149be34ec7872c3fed0656160a32554f.jpg</path>
	<source>
		<database>roboflow.com</database>
	</source>
	<size>
		<width>496</width>
		<height>496</height>
		<depth>3</depth>
	</size>
	<segmented>0</segmented>
	<object>
		<name>Other</name>
		<pose>Unspecified</pose>
		<truncated>0</truncated>
		<difficult>0</difficult>
		<occluded>0</occluded>
		<bndbox>
			<xmin>181</xmin>
			<xmax>311</xmax>
			<ymin>104</ymin>
			<ymax>219</ymax>
		</bndbox>
	</object>
	<object>
		<name>Other</name>
		<pose>Unspecified</pose>
		<truncated>0</truncated>
		<difficult>0</difficult>
		<occluded>0</occluded>
		<bndbox>
			<xmin>151</xmin>
			<xmax>368</xmax>
			<ymin>1</ymin>
			<ymax>138</ymax>
		</bndbox>
	</object>
	<metadata>
	</metadata>
</annotation>
