<annotation>
	<folder></folder>
	<filename>030_jpg.rf.b32ac9459eba6c6127c0b61d56992220.jpg</filename>
	<path>030_jpg.rf.b32ac9459eba6c6127c0b61d56992220.jpg</path>
	<source>
		<database>roboflow.com</database>
	</source>
	<size>
		<width>448</width>
		<height>448</height>
		<depth>3</depth>
	</size>
	<segmented>0</segmented>
	<object>
		<name>FedEx</name>
		<pose>Unspecified</pose>
		<truncated>0</truncated>
		<difficult>0</difficult>
		<occluded>0</occluded>
		<bndbox>
			<xmin>213</xmin>
			<xmax>449</xmax>
			<ymin>84</ymin>
			<ymax>430</ymax>
		</bndbox>
	</object>
	<object>
		<name>FedEx</name>
		<pose>Unspecified</pose>
		<truncated>0</truncated>
		<difficult>0</difficult>
		<occluded>0</occluded>
		<bndbox>
			<xmin>22</xmin>
			<xmax>231</xmax>
			<ymin>146</ymin>
			<ymax>449</ymax>
		</bndbox>
	</object>
	<metadata>
	</metadata>
</annotation>
