<annotation>
	<folder></folder>
	<filename>030_jpg.rf.4a6b35682dcf6d1da3efe89cb8f25540.jpg</filename>
	<path>030_jpg.rf.4a6b35682dcf6d1da3efe89cb8f25540.jpg</path>
	<source>
		<database>roboflow.com</database>
	</source>
	<size>
		<width>512</width>
		<height>512</height>
		<depth>3</depth>
	</size>
	<segmented>0</segmented>
	<object>
		<name>Other</name>
		<pose>Unspecified</pose>
		<truncated>0</truncated>
		<difficult>0</difficult>
		<occluded>0</occluded>
		<bndbox>
			<xmin>187</xmin>
			<xmax>317</xmax>
			<ymin>282</ymin>
			<ymax>397</ymax>
		</bndbox>
	</object>
	<object>
		<name>Other</name>
		<pose>Unspecified</pose>
		<truncated>0</truncated>
		<difficult>0</difficult>
		<occluded>0</occluded>
		<bndbox>
			<xmin>157</xmin>
			<xmax>374</xmax>
			<ymin>363</ymin>
			<ymax>510</ymax>
		</bndbox>
	</object>
	<metadata>
	</metadata>
</annotation>
