<annotation>
	<folder></folder>
	<filename>030_jpg.rf.b3296b5672bbd2ac264d7b70a366230d.jpg</filename>
	<path>030_jpg.rf.b3296b5672bbd2ac264d7b70a366230d.jpg</path>
	<source>
		<database>roboflow.com</database>
	</source>
	<size>
		<width>512</width>
		<height>512</height>
		<depth>3</depth>
	</size>
	<segmented>0</segmented>
	<object>
		<name>FedEx</name>
		<pose>Unspecified</pose>
		<truncated>0</truncated>
		<difficult>0</difficult>
		<occluded>0</occluded>
		<bndbox>
			<xmin>32</xmin>
			<xmax>288</xmax>
			<ymin>91</ymin>
			<ymax>438</ymax>
		</bndbox>
	</object>
	<object>
		<name>FedEx</name>
		<pose>Unspecified</pose>
		<truncated>0</truncated>
		<difficult>0</difficult>
		<occluded>0</occluded>
		<bndbox>
			<xmin>270</xmin>
			<xmax>479</xmax>
			<ymin>153</ymin>
			<ymax>460</ymax>
		</bndbox>
	</object>
	<metadata>
	</metadata>
</annotation>
