<annotation>
	<folder></folder>
	<filename>030_jpg.rf.dda0403adc62178493c865c6a9f969b1.jpg</filename>
	<path>030_jpg.rf.dda0403adc62178493c865c6a9f969b1.jpg</path>
	<source>
		<database>roboflow.com</database>
	</source>
	<size>
		<width>484</width>
		<height>484</height>
		<depth>3</depth>
	</size>
	<segmented>0</segmented>
	<object>
		<name>FedEx</name>
		<pose>Unspecified</pose>
		<truncated>0</truncated>
		<difficult>0</difficult>
		<occluded>0</occluded>
		<bndbox>
			<xmin>24</xmin>
			<xmax>280</xmax>
			<ymin>72</ymin>
			<ymax>419</ymax>
		</bndbox>
	</object>
	<object>
		<name>FedEx</name>
		<pose>Unspecified</pose>
		<truncated>0</truncated>
		<difficult>0</difficult>
		<occluded>0</occluded>
		<bndbox>
			<xmin>262</xmin>
			<xmax>471</xmax>
			<ymin>134</ymin>
			<ymax>441</ymax>
		</bndbox>
	</object>
	<metadata>
	</metadata>
</annotation>
