<annotation>
	<folder></folder>
	<filename>030_jpg.rf.5a9370bf69cf3bb08df3ce1a208b382d.jpg</filename>
	<path>030_jpg.rf.5a9370bf69cf3bb08df3ce1a208b382d.jpg</path>
	<source>
		<database>roboflow.com</database>
	</source>
	<size>
		<width>490</width>
		<height>490</height>
		<depth>3</depth>
	</size>
	<segmented>0</segmented>
	<object>
		<name>Other</name>
		<pose>Unspecified</pose>
		<truncated>0</truncated>
		<difficult>0</difficult>
		<occluded>0</occluded>
		<bndbox>
			<xmin>190</xmin>
			<xmax>320</xmax>
			<ymin>270</ymin>
			<ymax>385</ymax>
		</bndbox>
	</object>
	<object>
		<name>Other</name>
		<pose>Unspecified</pose>
		<truncated>0</truncated>
		<difficult>0</difficult>
		<occluded>0</occluded>
		<bndbox>
			<xmin>133</xmin>
			<xmax>350</xmax>
			<ymin>351</ymin>
			<ymax>491</ymax>
		</bndbox>
	</object>
	<metadata>
	</metadata>
</annotation>
