<annotation>
	<folder></folder>
	<filename>031_jpg.rf.610602c8dee952ef958916361701d456.jpg</filename>
	<path>031_jpg.rf.610602c8dee952ef958916361701d456.jpg</path>
	<source>
		<database>roboflow.com</database>
	</source>
	<size>
		<width>476</width>
		<height>476</height>
		<depth>3</depth>
	</size>
	<segmented>0</segmented>
	<object>
		<name>Amazon</name>
		<pose>Unspecified</pose>
		<truncated>0</truncated>
		<difficult>0</difficult>
		<occluded>0</occluded>
		<bndbox>
			<xmin>69</xmin>
			<xmax>415</xmax>
			<ymin>98</ymin>
			<ymax>469</ymax>
		</bndbox>
	</object>
	<metadata>
	</metadata>
</annotation>
