<annotation>
	<folder></folder>
	<filename>031_jpg.rf.4a03e133374ece497070444fff6ab53d.jpg</filename>
	<path>031_jpg.rf.4a03e133374ece497070444fff6ab53d.jpg</path>
	<source>
		<database>roboflow.com</database>
	</source>
	<size>
		<width>500</width>
		<height>500</height>
		<depth>3</depth>
	</size>
	<segmented>0</segmented>
	<object>
		<name>FedEx</name>
		<pose>Unspecified</pose>
		<truncated>0</truncated>
		<difficult>0</difficult>
		<occluded>0</occluded>
		<bndbox>
			<xmin>87</xmin>
			<xmax>374</xmax>
			<ymin>62</ymin>
			<ymax>397</ymax>
		</bndbox>
	</object>
	<metadata>
	</metadata>
</annotation>
