<annotation>
	<folder></folder>
	<filename>031_jpg.rf.bb74eb40fb97d7f4dfe814f735cde889.jpg</filename>
	<path>031_jpg.rf.bb74eb40fb97d7f4dfe814f735cde889.jpg</path>
	<source>
		<database>roboflow.com</database>
	</source>
	<size>
		<width>512</width>
		<height>512</height>
		<depth>3</depth>
	</size>
	<segmented>0</segmented>
	<object>
		<name>Amazon</name>
		<pose>Unspecified</pose>
		<truncated>0</truncated>
		<difficult>0</difficult>
		<occluded>0</occluded>
		<bndbox>
			<xmin>92</xmin>
			<xmax>438</xmax>
			<ymin>33</ymin>
			<ymax>404</ymax>
		</bndbox>
	</object>
	<metadata>
	</metadata>
</annotation>
