<annotation>
	<folder></folder>
	<filename>031_jpg.rf.10afa9c56e4019fed72da8e5eab5d5b3.jpg</filename>
	<path>031_jpg.rf.10afa9c56e4019fed72da8e5eab5d5b3.jpg</path>
	<source>
		<database>roboflow.com</database>
	</source>
	<size>
		<width>446</width>
		<height>446</height>
		<depth>3</depth>
	</size>
	<segmented>0</segmented>
	<object>
		<name>Other</name>
		<pose>Unspecified</pose>
		<truncated>0</truncated>
		<difficult>0</difficult>
		<occluded>0</occluded>
		<bndbox>
			<xmin>136</xmin>
			<xmax>349</xmax>
			<ymin>69</ymin>
			<ymax>300</ymax>
		</bndbox>
	</object>
	<metadata>
	</metadata>
</annotation>
