<annotation>
	<folder></folder>
	<filename>031_jpg.rf.08fb650eab129e688158decfdfa83e84.jpg</filename>
	<path>031_jpg.rf.08fb650eab129e688158decfdfa83e84.jpg</path>
	<source>
		<database>roboflow.com</database>
	</source>
	<size>
		<width>500</width>
		<height>500</height>
		<depth>3</depth>
	</size>
	<segmented>0</segmented>
	<object>
		<name>FedEx</name>
		<pose>Unspecified</pose>
		<truncated>0</truncated>
		<difficult>0</difficult>
		<occluded>0</occluded>
		<bndbox>
			<xmin>125</xmin>
			<xmax>412</xmax>
			<ymin>67</ymin>
			<ymax>402</ymax>
		</bndbox>
	</object>
	<metadata>
	</metadata>
</annotation>
