<annotation>
	<folder></folder>
	<filename>031_jpg.rf.de11dd0680853703fc5e92241c741c2b.jpg</filename>
	<path>031_jpg.rf.de11dd0680853703fc5e92241c741c2b.jpg</path>
	<source>
		<database>roboflow.com</database>
	</source>
	<size>
		<width>452</width>
		<height>452</height>
		<depth>3</depth>
	</size>
	<segmented>0</segmented>
	<object>
		<name>Other</name>
		<pose>Unspecified</pose>
		<truncated>0</truncated>
		<difficult>0</difficult>
		<occluded>0</occluded>
		<bndbox>
			<xmin>83</xmin>
			<xmax>296</xmax>
			<ymin>138</ymin>
			<ymax>369</ymax>
		</bndbox>
	</object>
	<metadata>
	</metadata>
</annotation>
