<annotation>
	<folder></folder>
	<filename>031_jpg.rf.c96a9c9ec5f1aced549775939fe1ea0f.jpg</filename>
	<path>031_jpg.rf.c96a9c9ec5f1aced549775939fe1ea0f.jpg</path>
	<source>
		<database>roboflow.com</database>
	</source>
	<size>
		<width>512</width>
		<height>512</height>
		<depth>3</depth>
	</size>
	<segmented>0</segmented>
	<object>
		<name>Other</name>
		<pose>Unspecified</pose>
		<truncated>0</truncated>
		<difficult>0</difficult>
		<occluded>0</occluded>
		<bndbox>
			<xmin>129</xmin>
			<xmax>342</xmax>
			<ymin>182</ymin>
			<ymax>413</ymax>
		</bndbox>
	</object>
	<metadata>
	</metadata>
</annotation>
