<annotation>
	<folder></folder>
	<filename>031_jpg.rf.bfcdfc603d333a0b9df964515092ea97.jpg</filename>
	<path>031_jpg.rf.bfcdfc603d333a0b9df964515092ea97.jpg</path>
	<source>
		<database>roboflow.com</database>
	</source>
	<size>
		<width>512</width>
		<height>512</height>
		<depth>3</depth>
	</size>
	<segmented>0</segmented>
	<object>
		<name>FedEx</name>
		<pose>Unspecified</pose>
		<truncated>0</truncated>
		<difficult>0</difficult>
		<occluded>0</occluded>
		<bndbox>
			<xmin>132</xmin>
			<xmax>419</xmax>
			<ymin>72</ymin>
			<ymax>407</ymax>
		</bndbox>
	</object>
	<metadata>
	</metadata>
</annotation>
