<annotation>
	<folder></folder>
	<filename>032_jpg.rf.a1ab09e6e11a536e4165c0e4fcf30348.jpg</filename>
	<path>032_jpg.rf.a1ab09e6e11a536e4165c0e4fcf30348.jpg</path>
	<source>
		<database>roboflow.com</database>
	</source>
	<size>
		<width>512</width>
		<height>512</height>
		<depth>3</depth>
	</size>
	<segmented>0</segmented>
	<object>
		<name>Amazon</name>
		<pose>Unspecified</pose>
		<truncated>0</truncated>
		<difficult>0</difficult>
		<occluded>0</occluded>
		<bndbox>
			<xmin>40</xmin>
			<xmax>493</xmax>
			<ymin>146</ymin>
			<ymax>406</ymax>
		</bndbox>
	</object>
	<metadata>
	</metadata>
</annotation>
