<annotation>
	<folder></folder>
	<filename>032_jpg.rf.fd7249382aeffc218ef21b9634b3a439.jpg</filename>
	<path>032_jpg.rf.fd7249382aeffc218ef21b9634b3a439.jpg</path>
	<source>
		<database>roboflow.com</database>
	</source>
	<size>
		<width>482</width>
		<height>482</height>
		<depth>3</depth>
	</size>
	<segmented>0</segmented>
	<object>
		<name>Amazon</name>
		<pose>Unspecified</pose>
		<truncated>0</truncated>
		<difficult>0</difficult>
		<occluded>0</occluded>
		<bndbox>
			<xmin>15</xmin>
			<xmax>468</xmax>
			<ymin>98</ymin>
			<ymax>358</ymax>
		</bndbox>
	</object>
	<metadata>
	</metadata>
</annotation>
