<annotation>
	<folder></folder>
	<filename>032_jpg.rf.e3e5775f0d59c70398ac6441eeb59d1d.jpg</filename>
	<path>032_jpg.rf.e3e5775f0d59c70398ac6441eeb59d1d.jpg</path>
	<source>
		<database>roboflow.com</database>
	</source>
	<size>
		<width>512</width>
		<height>512</height>
		<depth>3</depth>
	</size>
	<segmented>0</segmented>
	<object>
		<name>FedEx</name>
		<pose>Unspecified</pose>
		<truncated>0</truncated>
		<difficult>0</difficult>
		<occluded>0</occluded>
		<bndbox>
			<xmin>320</xmin>
			<xmax>433</xmax>
			<ymin>188</ymin>
			<ymax>296</ymax>
		</bndbox>
	</object>
	<object>
		<name>FedEx</name>
		<pose>Unspecified</pose>
		<truncated>0</truncated>
		<difficult>0</difficult>
		<occluded>0</occluded>
		<bndbox>
			<xmin>189</xmin>
			<xmax>311</xmax>
			<ymin>148</ymin>
			<ymax>259</ymax>
		</bndbox>
	</object>
	<object>
		<name>FedEx</name>
		<pose>Unspecified</pose>
		<truncated>0</truncated>
		<difficult>0</difficult>
		<occluded>0</occluded>
		<bndbox>
			<xmin>27</xmin>
			<xmax>188</xmax>
			<ymin>158</ymin>
			<ymax>313</ymax>
		</bndbox>
	</object>
	<object>
		<name>FedEx</name>
		<pose>Unspecified</pose>
		<truncated>0</truncated>
		<difficult>0</difficult>
		<occluded>0</occluded>
		<bndbox>
			<xmin>191</xmin>
			<xmax>317</xmax>
			<ymin>264</ymin>
			<ymax>362</ymax>
		</bndbox>
	</object>
	<metadata>
	</metadata>
</annotation>
