<annotation>
	<folder></folder>
	<filename>032_jpg.rf.507b58495c1610671b853aa145b38ede.jpg</filename>
	<path>032_jpg.rf.507b58495c1610671b853aa145b38ede.jpg</path>
	<source>
		<database>roboflow.com</database>
	</source>
	<size>
		<width>460</width>
		<height>460</height>
		<depth>3</depth>
	</size>
	<segmented>0</segmented>
	<object>
		<name>Other</name>
		<pose>Unspecified</pose>
		<truncated>0</truncated>
		<difficult>0</difficult>
		<occluded>0</occluded>
		<bndbox>
			<xmin>174</xmin>
			<xmax>406</xmax>
			<ymin>62</ymin>
			<ymax>292</ymax>
		</bndbox>
	</object>
	<metadata>
	</metadata>
</annotation>
