<annotation>
	<folder></folder>
	<filename>032_jpg.rf.4fc6c847760dfe72351001a7586e63a1.jpg</filename>
	<path>032_jpg.rf.4fc6c847760dfe72351001a7586e63a1.jpg</path>
	<source>
		<database>roboflow.com</database>
	</source>
	<size>
		<width>482</width>
		<height>482</height>
		<depth>3</depth>
	</size>
	<segmented>0</segmented>
	<object>
		<name>Other</name>
		<pose>Unspecified</pose>
		<truncated>0</truncated>
		<difficult>0</difficult>
		<occluded>0</occluded>
		<bndbox>
			<xmin>221</xmin>
			<xmax>453</xmax>
			<ymin>72</ymin>
			<ymax>302</ymax>
		</bndbox>
	</object>
	<metadata>
	</metadata>
</annotation>
