<annotation>
	<folder></folder>
	<filename>032_jpg.rf.d0cb9d65249f6a597140eda2b1524f3b.jpg</filename>
	<path>032_jpg.rf.d0cb9d65249f6a597140eda2b1524f3b.jpg</path>
	<source>
		<database>roboflow.com</database>
	</source>
	<size>
		<width>452</width>
		<height>452</height>
		<depth>3</depth>
	</size>
	<segmented>0</segmented>
	<object>
		<name>Amazon</name>
		<pose>Unspecified</pose>
		<truncated>0</truncated>
		<difficult>0</difficult>
		<occluded>0</occluded>
		<bndbox>
			<xmin>17</xmin>
			<xmax>453</xmax>
			<ymin>134</ymin>
			<ymax>394</ymax>
		</bndbox>
	</object>
	<metadata>
	</metadata>
</annotation>
