<annotation>
	<folder></folder>
	<filename>032_jpg.rf.855c6834ab757dd507a336e1efa84aa4.jpg</filename>
	<path>032_jpg.rf.855c6834ab757dd507a336e1efa84aa4.jpg</path>
	<source>
		<database>roboflow.com</database>
	</source>
	<size>
		<width>512</width>
		<height>512</height>
		<depth>3</depth>
	</size>
	<segmented>0</segmented>
	<object>
		<name>FedEx</name>
		<pose>Unspecified</pose>
		<truncated>0</truncated>
		<difficult>0</difficult>
		<occluded>0</occluded>
		<bndbox>
			<xmin>81</xmin>
			<xmax>194</xmax>
			<ymin>188</ymin>
			<ymax>296</ymax>
		</bndbox>
	</object>
	<object>
		<name>FedEx</name>
		<pose>Unspecified</pose>
		<truncated>0</truncated>
		<difficult>0</difficult>
		<occluded>0</occluded>
		<bndbox>
			<xmin>203</xmin>
			<xmax>325</xmax>
			<ymin>148</ymin>
			<ymax>259</ymax>
		</bndbox>
	</object>
	<object>
		<name>FedEx</name>
		<pose>Unspecified</pose>
		<truncated>0</truncated>
		<difficult>0</difficult>
		<occluded>0</occluded>
		<bndbox>
			<xmin>326</xmin>
			<xmax>487</xmax>
			<ymin>158</ymin>
			<ymax>313</ymax>
		</bndbox>
	</object>
	<object>
		<name>FedEx</name>
		<pose>Unspecified</pose>
		<truncated>0</truncated>
		<difficult>0</difficult>
		<occluded>0</occluded>
		<bndbox>
			<xmin>197</xmin>
			<xmax>323</xmax>
			<ymin>264</ymin>
			<ymax>362</ymax>
		</bndbox>
	</object>
	<metadata>
	</metadata>
</annotation>
