<annotation>
	<folder></folder>
	<filename>032_jpg.rf.b6cf3a2f780e9cc81d2364688a539865.jpg</filename>
	<path>032_jpg.rf.b6cf3a2f780e9cc81d2364688a539865.jpg</path>
	<source>
		<database>roboflow.com</database>
	</source>
	<size>
		<width>512</width>
		<height>512</height>
		<depth>3</depth>
	</size>
	<segmented>0</segmented>
	<object>
		<name>Other</name>
		<pose>Unspecified</pose>
		<truncated>0</truncated>
		<difficult>0</difficult>
		<occluded>0</occluded>
		<bndbox>
			<xmin>225</xmin>
			<xmax>457</xmax>
			<ymin>186</ymin>
			<ymax>416</ymax>
		</bndbox>
	</object>
	<metadata>
	</metadata>
</annotation>
