<annotation>
	<folder></folder>
	<filename>034_jpg.rf.d61d4b7a61eefb1034f3208c5779fcc3.jpg</filename>
	<path>034_jpg.rf.d61d4b7a61eefb1034f3208c5779fcc3.jpg</path>
	<source>
		<database>roboflow.com</database>
	</source>
	<size>
		<width>448</width>
		<height>448</height>
		<depth>3</depth>
	</size>
	<segmented>0</segmented>
	<object>
		<name>Amazon</name>
		<pose>Unspecified</pose>
		<truncated>0</truncated>
		<difficult>0</difficult>
		<occluded>0</occluded>
		<bndbox>
			<xmin>113</xmin>
			<xmax>277</xmax>
			<ymin>110</ymin>
			<ymax>437</ymax>
		</bndbox>
	</object>
	<metadata>
	</metadata>
</annotation>
