<annotation>
	<folder></folder>
	<filename>034_jpg.rf.85c1c5136c83868a49951ff31341beaf.jpg</filename>
	<path>034_jpg.rf.85c1c5136c83868a49951ff31341beaf.jpg</path>
	<source>
		<database>roboflow.com</database>
	</source>
	<size>
		<width>512</width>
		<height>512</height>
		<depth>3</depth>
	</size>
	<segmented>0</segmented>
	<object>
		<name>FedEx</name>
		<pose>Unspecified</pose>
		<truncated>0</truncated>
		<difficult>0</difficult>
		<occluded>0</occluded>
		<bndbox>
			<xmin>49</xmin>
			<xmax>475</xmax>
			<ymin>98</ymin>
			<ymax>416</ymax>
		</bndbox>
	</object>
	<metadata>
	</metadata>
</annotation>
