<annotation>
	<folder></folder>
	<filename>034_jpg.rf.70b30ba73bef8c0bb0a7c216b44f5aed.jpg</filename>
	<path>034_jpg.rf.70b30ba73bef8c0bb0a7c216b44f5aed.jpg</path>
	<source>
		<database>roboflow.com</database>
	</source>
	<size>
		<width>512</width>
		<height>512</height>
		<depth>3</depth>
	</size>
	<segmented>0</segmented>
	<object>
		<name>Amazon</name>
		<pose>Unspecified</pose>
		<truncated>0</truncated>
		<difficult>0</difficult>
		<occluded>0</occluded>
		<bndbox>
			<xmin>196</xmin>
			<xmax>360</xmax>
			<ymin>156</ymin>
			<ymax>483</ymax>
		</bndbox>
	</object>
	<metadata>
	</metadata>
</annotation>
