<annotation>
	<folder></folder>
	<filename>034_jpg.rf.0d3034916a24fa3739a676db947aa534.jpg</filename>
	<path>034_jpg.rf.0d3034916a24fa3739a676db947aa534.jpg</path>
	<source>
		<database>roboflow.com</database>
	</source>
	<size>
		<width>508</width>
		<height>508</height>
		<depth>3</depth>
	</size>
	<segmented>0</segmented>
	<object>
		<name>FedEx</name>
		<pose>Unspecified</pose>
		<truncated>0</truncated>
		<difficult>0</difficult>
		<occluded>0</occluded>
		<bndbox>
			<xmin>36</xmin>
			<xmax>462</xmax>
			<ymin>95</ymin>
			<ymax>413</ymax>
		</bndbox>
	</object>
	<metadata>
	</metadata>
</annotation>
