<annotation>
	<folder></folder>
	<filename>034_jpg.rf.e77ae95d28b8540c22e5c6e452daf3e5.jpg</filename>
	<path>034_jpg.rf.e77ae95d28b8540c22e5c6e452daf3e5.jpg</path>
	<source>
		<database>roboflow.com</database>
	</source>
	<size>
		<width>452</width>
		<height>452</height>
		<depth>3</depth>
	</size>
	<segmented>0</segmented>
	<object>
		<name>Other</name>
		<pose>Unspecified</pose>
		<truncated>0</truncated>
		<difficult>0</difficult>
		<occluded>0</occluded>
		<bndbox>
			<xmin>38</xmin>
			<xmax>272</xmax>
			<ymin>76</ymin>
			<ymax>203</ymax>
		</bndbox>
	</object>
	<object>
		<name>Other</name>
		<pose>Unspecified</pose>
		<truncated>0</truncated>
		<difficult>0</difficult>
		<occluded>0</occluded>
		<bndbox>
			<xmin>30</xmin>
			<xmax>231</xmax>
			<ymin>195</ymin>
			<ymax>246</ymax>
		</bndbox>
	</object>
	<object>
		<name>Other</name>
		<pose>Unspecified</pose>
		<truncated>0</truncated>
		<difficult>0</difficult>
		<occluded>0</occluded>
		<bndbox>
			<xmin>109</xmin>
			<xmax>243</xmax>
			<ymin>207</ymin>
			<ymax>257</ymax>
		</bndbox>
	</object>
	<metadata>
	</metadata>
</annotation>
