<annotation>
	<folder></folder>
	<filename>034_jpg.rf.05a15ea152678469c676a3bb80e91fa5.jpg</filename>
	<path>034_jpg.rf.05a15ea152678469c676a3bb80e91fa5.jpg</path>
	<source>
		<database>roboflow.com</database>
	</source>
	<size>
		<width>448</width>
		<height>448</height>
		<depth>3</depth>
	</size>
	<segmented>0</segmented>
	<object>
		<name>Amazon</name>
		<pose>Unspecified</pose>
		<truncated>0</truncated>
		<difficult>0</difficult>
		<occluded>0</occluded>
		<bndbox>
			<xmin>106</xmin>
			<xmax>270</xmax>
			<ymin>21</ymin>
			<ymax>348</ymax>
		</bndbox>
	</object>
	<metadata>
	</metadata>
</annotation>
