<annotation>
	<folder></folder>
	<filename>034_jpg.rf.c828da428e02fd57b2f5a50b9db57a7f.jpg</filename>
	<path>034_jpg.rf.c828da428e02fd57b2f5a50b9db57a7f.jpg</path>
	<source>
		<database>roboflow.com</database>
	</source>
	<size>
		<width>500</width>
		<height>500</height>
		<depth>3</depth>
	</size>
	<segmented>0</segmented>
	<object>
		<name>Other</name>
		<pose>Unspecified</pose>
		<truncated>0</truncated>
		<difficult>0</difficult>
		<occluded>0</occluded>
		<bndbox>
			<xmin>230</xmin>
			<xmax>464</xmax>
			<ymin>99</ymin>
			<ymax>226</ymax>
		</bndbox>
	</object>
	<object>
		<name>Other</name>
		<pose>Unspecified</pose>
		<truncated>0</truncated>
		<difficult>0</difficult>
		<occluded>0</occluded>
		<bndbox>
			<xmin>271</xmin>
			<xmax>472</xmax>
			<ymin>218</ymin>
			<ymax>269</ymax>
		</bndbox>
	</object>
	<object>
		<name>Other</name>
		<pose>Unspecified</pose>
		<truncated>0</truncated>
		<difficult>0</difficult>
		<occluded>0</occluded>
		<bndbox>
			<xmin>259</xmin>
			<xmax>393</xmax>
			<ymin>230</ymin>
			<ymax>280</ymax>
		</bndbox>
	</object>
	<metadata>
	</metadata>
</annotation>
