<annotation>
	<folder></folder>
	<filename>034_jpg.rf.807dd7b2a4edf014be4ff3a428dee311.jpg</filename>
	<path>034_jpg.rf.807dd7b2a4edf014be4ff3a428dee311.jpg</path>
	<source>
		<database>roboflow.com</database>
	</source>
	<size>
		<width>506</width>
		<height>506</height>
		<depth>3</depth>
	</size>
	<segmented>0</segmented>
	<object>
		<name>FedEx</name>
		<pose>Unspecified</pose>
		<truncated>0</truncated>
		<difficult>0</difficult>
		<occluded>0</occluded>
		<bndbox>
			<xmin>38</xmin>
			<xmax>464</xmax>
			<ymin>94</ymin>
			<ymax>412</ymax>
		</bndbox>
	</object>
	<metadata>
	</metadata>
</annotation>
