<annotation>
	<folder></folder>
	<filename>034_jpg.rf.cbd597250eccf4e5d7dcc24ea80d75bc.jpg</filename>
	<path>034_jpg.rf.cbd597250eccf4e5d7dcc24ea80d75bc.jpg</path>
	<source>
		<database>roboflow.com</database>
	</source>
	<size>
		<width>512</width>
		<height>512</height>
		<depth>3</depth>
	</size>
	<segmented>0</segmented>
	<object>
		<name>Other</name>
		<pose>Unspecified</pose>
		<truncated>0</truncated>
		<difficult>0</difficult>
		<occluded>0</occluded>
		<bndbox>
			<xmin>236</xmin>
			<xmax>470</xmax>
			<ymin>285</ymin>
			<ymax>412</ymax>
		</bndbox>
	</object>
	<object>
		<name>Other</name>
		<pose>Unspecified</pose>
		<truncated>0</truncated>
		<difficult>0</difficult>
		<occluded>0</occluded>
		<bndbox>
			<xmin>277</xmin>
			<xmax>478</xmax>
			<ymin>242</ymin>
			<ymax>293</ymax>
		</bndbox>
	</object>
	<object>
		<name>Other</name>
		<pose>Unspecified</pose>
		<truncated>0</truncated>
		<difficult>0</difficult>
		<occluded>0</occluded>
		<bndbox>
			<xmin>265</xmin>
			<xmax>399</xmax>
			<ymin>231</ymin>
			<ymax>281</ymax>
		</bndbox>
	</object>
	<metadata>
	</metadata>
</annotation>
