<annotation>
	<folder></folder>
	<filename>035_jpg.rf.14f5783597f45de83d71970e97e42d22.jpg</filename>
	<path>035_jpg.rf.14f5783597f45de83d71970e97e42d22.jpg</path>
	<source>
		<database>roboflow.com</database>
	</source>
	<size>
		<width>446</width>
		<height>446</height>
		<depth>3</depth>
	</size>
	<segmented>0</segmented>
	<object>
		<name>Other</name>
		<pose>Unspecified</pose>
		<truncated>0</truncated>
		<difficult>0</difficult>
		<occluded>0</occluded>
		<bndbox>
			<xmin>212</xmin>
			<xmax>332</xmax>
			<ymin>229</ymin>
			<ymax>434</ymax>
		</bndbox>
	</object>
	<object>
		<name>Other</name>
		<pose>Unspecified</pose>
		<truncated>0</truncated>
		<difficult>0</difficult>
		<occluded>0</occluded>
		<bndbox>
			<xmin>103</xmin>
			<xmax>260</xmax>
			<ymin>74</ymin>
			<ymax>354</ymax>
		</bndbox>
	</object>
	<metadata>
	</metadata>
</annotation>
