<annotation>
	<folder></folder>
	<filename>035_jpg.rf.921410755c119579f5ef6910bec5d489.jpg</filename>
	<path>035_jpg.rf.921410755c119579f5ef6910bec5d489.jpg</path>
	<source>
		<database>roboflow.com</database>
	</source>
	<size>
		<width>492</width>
		<height>492</height>
		<depth>3</depth>
	</size>
	<segmented>0</segmented>
	<object>
		<name>Other</name>
		<pose>Unspecified</pose>
		<truncated>0</truncated>
		<difficult>0</difficult>
		<occluded>0</occluded>
		<bndbox>
			<xmin>132</xmin>
			<xmax>252</xmax>
			<ymin>251</ymin>
			<ymax>456</ymax>
		</bndbox>
	</object>
	<object>
		<name>Other</name>
		<pose>Unspecified</pose>
		<truncated>0</truncated>
		<difficult>0</difficult>
		<occluded>0</occluded>
		<bndbox>
			<xmin>204</xmin>
			<xmax>361</xmax>
			<ymin>96</ymin>
			<ymax>376</ymax>
		</bndbox>
	</object>
	<metadata>
	</metadata>
</annotation>
