<annotation>
	<folder></folder>
	<filename>035_jpg.rf.9011ae535ea6532834f7eb537eb563d1.jpg</filename>
	<path>035_jpg.rf.9011ae535ea6532834f7eb537eb563d1.jpg</path>
	<source>
		<database>roboflow.com</database>
	</source>
	<size>
		<width>512</width>
		<height>512</height>
		<depth>3</depth>
	</size>
	<segmented>0</segmented>
	<object>
		<name>Other</name>
		<pose>Unspecified</pose>
		<truncated>0</truncated>
		<difficult>0</difficult>
		<occluded>0</occluded>
		<bndbox>
			<xmin>135</xmin>
			<xmax>255</xmax>
			<ymin>261</ymin>
			<ymax>466</ymax>
		</bndbox>
	</object>
	<object>
		<name>Other</name>
		<pose>Unspecified</pose>
		<truncated>0</truncated>
		<difficult>0</difficult>
		<occluded>0</occluded>
		<bndbox>
			<xmin>207</xmin>
			<xmax>364</xmax>
			<ymin>106</ymin>
			<ymax>386</ymax>
		</bndbox>
	</object>
	<metadata>
	</metadata>
</annotation>
