<annotation>
	<folder></folder>
	<filename>036_jpg.rf.c1f8bf1beec10daef45312006eb211b9.jpg</filename>
	<path>036_jpg.rf.c1f8bf1beec10daef45312006eb211b9.jpg</path>
	<source>
		<database>roboflow.com</database>
	</source>
	<size>
		<width>504</width>
		<height>504</height>
		<depth>3</depth>
	</size>
	<segmented>0</segmented>
	<object>
		<name>FedEx</name>
		<pose>Unspecified</pose>
		<truncated>0</truncated>
		<difficult>0</difficult>
		<occluded>0</occluded>
		<bndbox>
			<xmin>1</xmin>
			<xmax>457</xmax>
			<ymin>1</ymin>
			<ymax>505</ymax>
		</bndbox>
	</object>
	<metadata>
	</metadata>
</annotation>
