<annotation>
	<folder></folder>
	<filename>036_jpg.rf.3b8f8bf4048e64f6bd67ecbb89551f10.jpg</filename>
	<path>036_jpg.rf.3b8f8bf4048e64f6bd67ecbb89551f10.jpg</path>
	<source>
		<database>roboflow.com</database>
	</source>
	<size>
		<width>512</width>
		<height>512</height>
		<depth>3</depth>
	</size>
	<segmented>0</segmented>
	<object>
		<name>Amazon</name>
		<pose>Unspecified</pose>
		<truncated>0</truncated>
		<difficult>0</difficult>
		<occluded>0</occluded>
		<bndbox>
			<xmin>127</xmin>
			<xmax>326</xmax>
			<ymin>136</ymin>
			<ymax>371</ymax>
		</bndbox>
	</object>
	<metadata>
	</metadata>
</annotation>
