<annotation>
	<folder></folder>
	<filename>036_jpg.rf.efa01dfd3a6d1dcddf2c55e68e0e03ac.jpg</filename>
	<path>036_jpg.rf.efa01dfd3a6d1dcddf2c55e68e0e03ac.jpg</path>
	<source>
		<database>roboflow.com</database>
	</source>
	<size>
		<width>512</width>
		<height>512</height>
		<depth>3</depth>
	</size>
	<segmented>0</segmented>
	<object>
		<name>Other</name>
		<pose>Unspecified</pose>
		<truncated>0</truncated>
		<difficult>0</difficult>
		<occluded>0</occluded>
		<bndbox>
			<xmin>42</xmin>
			<xmax>323</xmax>
			<ymin>281</ymin>
			<ymax>460</ymax>
		</bndbox>
	</object>
	<metadata>
	</metadata>
</annotation>
