<annotation>
	<folder></folder>
	<filename>036_jpg.rf.eab53295b46b323cb4d04018a868b34f.jpg</filename>
	<path>036_jpg.rf.eab53295b46b323cb4d04018a868b34f.jpg</path>
	<source>
		<database>roboflow.com</database>
	</source>
	<size>
		<width>512</width>
		<height>512</height>
		<depth>3</depth>
	</size>
	<segmented>0</segmented>
	<object>
		<name>FedEx</name>
		<pose>Unspecified</pose>
		<truncated>0</truncated>
		<difficult>0</difficult>
		<occluded>0</occluded>
		<bndbox>
			<xmin>3</xmin>
			<xmax>459</xmax>
			<ymin>1</ymin>
			<ymax>511</ymax>
		</bndbox>
	</object>
	<metadata>
	</metadata>
</annotation>
