<annotation>
	<folder></folder>
	<filename>036_jpg.rf.db2283c749e5b096dc155f7f39c5123f.jpg</filename>
	<path>036_jpg.rf.db2283c749e5b096dc155f7f39c5123f.jpg</path>
	<source>
		<database>roboflow.com</database>
	</source>
	<size>
		<width>490</width>
		<height>490</height>
		<depth>3</depth>
	</size>
	<segmented>0</segmented>
	<object>
		<name>Amazon</name>
		<pose>Unspecified</pose>
		<truncated>0</truncated>
		<difficult>0</difficult>
		<occluded>0</occluded>
		<bndbox>
			<xmin>126</xmin>
			<xmax>325</xmax>
			<ymin>132</ymin>
			<ymax>367</ymax>
		</bndbox>
	</object>
	<metadata>
	</metadata>
</annotation>
