<annotation>
	<folder></folder>
	<filename>036_jpg.rf.51d035a8e75392992e92839bcbb02ae4.jpg</filename>
	<path>036_jpg.rf.51d035a8e75392992e92839bcbb02ae4.jpg</path>
	<source>
		<database>roboflow.com</database>
	</source>
	<size>
		<width>474</width>
		<height>474</height>
		<depth>3</depth>
	</size>
	<segmented>0</segmented>
	<object>
		<name>Other</name>
		<pose>Unspecified</pose>
		<truncated>0</truncated>
		<difficult>0</difficult>
		<occluded>0</occluded>
		<bndbox>
			<xmin>174</xmin>
			<xmax>455</xmax>
			<ymin>249</ymin>
			<ymax>428</ymax>
		</bndbox>
	</object>
	<metadata>
	</metadata>
</annotation>
