<annotation>
	<folder></folder>
	<filename>036_jpg.rf.f949936572b349d70d9f0e0c7cce78ee.jpg</filename>
	<path>036_jpg.rf.f949936572b349d70d9f0e0c7cce78ee.jpg</path>
	<source>
		<database>roboflow.com</database>
	</source>
	<size>
		<width>508</width>
		<height>508</height>
		<depth>3</depth>
	</size>
	<segmented>0</segmented>
	<object>
		<name>Amazon</name>
		<pose>Unspecified</pose>
		<truncated>0</truncated>
		<difficult>0</difficult>
		<occluded>0</occluded>
		<bndbox>
			<xmin>185</xmin>
			<xmax>384</xmax>
			<ymin>140</ymin>
			<ymax>375</ymax>
		</bndbox>
	</object>
	<metadata>
	</metadata>
</annotation>
