<annotation>
	<folder></folder>
	<filename>036_jpg.rf.0e69a6343ec101642470440f3fccf55a.jpg</filename>
	<path>036_jpg.rf.0e69a6343ec101642470440f3fccf55a.jpg</path>
	<source>
		<database>roboflow.com</database>
	</source>
	<size>
		<width>448</width>
		<height>448</height>
		<depth>3</depth>
	</size>
	<segmented>0</segmented>
	<object>
		<name>Other</name>
		<pose>Unspecified</pose>
		<truncated>0</truncated>
		<difficult>0</difficult>
		<occluded>0</occluded>
		<bndbox>
			<xmin>1</xmin>
			<xmax>266</xmax>
			<ymin>32</ymin>
			<ymax>211</ymax>
		</bndbox>
	</object>
	<metadata>
	</metadata>
</annotation>
