<annotation>
	<folder></folder>
	<filename>036_jpg.rf.55d5e8d77b9b116bc78b70d04f6345e9.jpg</filename>
	<path>036_jpg.rf.55d5e8d77b9b116bc78b70d04f6345e9.jpg</path>
	<source>
		<database>roboflow.com</database>
	</source>
	<size>
		<width>446</width>
		<height>446</height>
		<depth>3</depth>
	</size>
	<segmented>0</segmented>
	<object>
		<name>FedEx</name>
		<pose>Unspecified</pose>
		<truncated>0</truncated>
		<difficult>0</difficult>
		<occluded>0</occluded>
		<bndbox>
			<xmin>1</xmin>
			<xmax>447</xmax>
			<ymin>1</ymin>
			<ymax>447</ymax>
		</bndbox>
	</object>
	<metadata>
	</metadata>
</annotation>
