<annotation>
	<folder></folder>
	<filename>037_jpg.rf.1debeaf8a9a1279dcbd03c68002d4c0d.jpg</filename>
	<path>037_jpg.rf.1debeaf8a9a1279dcbd03c68002d4c0d.jpg</path>
	<source>
		<database>roboflow.com</database>
	</source>
	<size>
		<width>512</width>
		<height>512</height>
		<depth>3</depth>
	</size>
	<segmented>0</segmented>
	<object>
		<name>Other</name>
		<pose>Unspecified</pose>
		<truncated>0</truncated>
		<difficult>0</difficult>
		<occluded>0</occluded>
		<bndbox>
			<xmin>212</xmin>
			<xmax>326</xmax>
			<ymin>314</ymin>
			<ymax>430</ymax>
		</bndbox>
	</object>
	<metadata>
	</metadata>
</annotation>
