<annotation>
	<folder></folder>
	<filename>037_jpg.rf.7d6ed95e2ffb2d5e6963ee896c3ab4f2.jpg</filename>
	<path>037_jpg.rf.7d6ed95e2ffb2d5e6963ee896c3ab4f2.jpg</path>
	<source>
		<database>roboflow.com</database>
	</source>
	<size>
		<width>476</width>
		<height>476</height>
		<depth>3</depth>
	</size>
	<segmented>0</segmented>
	<object>
		<name>Other</name>
		<pose>Unspecified</pose>
		<truncated>0</truncated>
		<difficult>0</difficult>
		<occluded>0</occluded>
		<bndbox>
			<xmin>182</xmin>
			<xmax>296</xmax>
			<ymin>80</ymin>
			<ymax>196</ymax>
		</bndbox>
	</object>
	<metadata>
	</metadata>
</annotation>
