<annotation>
	<folder></folder>
	<filename>037_jpg.rf.0b271f8967e3860405801387e95cfdf3.jpg</filename>
	<path>037_jpg.rf.0b271f8967e3860405801387e95cfdf3.jpg</path>
	<source>
		<database>roboflow.com</database>
	</source>
	<size>
		<width>480</width>
		<height>480</height>
		<depth>3</depth>
	</size>
	<segmented>0</segmented>
	<object>
		<name>Amazon</name>
		<pose>Unspecified</pose>
		<truncated>0</truncated>
		<difficult>0</difficult>
		<occluded>0</occluded>
		<bndbox>
			<xmin>124</xmin>
			<xmax>328</xmax>
			<ymin>91</ymin>
			<ymax>376</ymax>
		</bndbox>
	</object>
	<metadata>
	</metadata>
</annotation>
