<annotation>
	<folder></folder>
	<filename>037_jpg.rf.c45e4bf38f4689a13fd543521814f143.jpg</filename>
	<path>037_jpg.rf.c45e4bf38f4689a13fd543521814f143.jpg</path>
	<source>
		<database>roboflow.com</database>
	</source>
	<size>
		<width>484</width>
		<height>484</height>
		<depth>3</depth>
	</size>
	<segmented>0</segmented>
	<object>
		<name>Other</name>
		<pose>Unspecified</pose>
		<truncated>0</truncated>
		<difficult>0</difficult>
		<occluded>0</occluded>
		<bndbox>
			<xmin>194</xmin>
			<xmax>308</xmax>
			<ymin>312</ymin>
			<ymax>428</ymax>
		</bndbox>
	</object>
	<metadata>
	</metadata>
</annotation>
