<annotation>
	<folder></folder>
	<filename>037_jpg.rf.1280f29e9d0f4c9b9aa2a24fe8b0a45b.jpg</filename>
	<path>037_jpg.rf.1280f29e9d0f4c9b9aa2a24fe8b0a45b.jpg</path>
	<source>
		<database>roboflow.com</database>
	</source>
	<size>
		<width>512</width>
		<height>512</height>
		<depth>3</depth>
	</size>
	<segmented>0</segmented>
	<object>
		<name>Amazon</name>
		<pose>Unspecified</pose>
		<truncated>0</truncated>
		<difficult>0</difficult>
		<occluded>0</occluded>
		<bndbox>
			<xmin>144</xmin>
			<xmax>348</xmax>
			<ymin>137</ymin>
			<ymax>422</ymax>
		</bndbox>
	</object>
	<metadata>
	</metadata>
</annotation>
