<annotation>
	<folder></folder>
	<filename>038_jpg.rf.1b09cb320bdf9a10f170b46d07ad4a3d.jpg</filename>
	<path>038_jpg.rf.1b09cb320bdf9a10f170b46d07ad4a3d.jpg</path>
	<source>
		<database>roboflow.com</database>
	</source>
	<size>
		<width>512</width>
		<height>512</height>
		<depth>3</depth>
	</size>
	<segmented>0</segmented>
	<object>
		<name>Amazon</name>
		<pose>Unspecified</pose>
		<truncated>0</truncated>
		<difficult>0</difficult>
		<occluded>0</occluded>
		<bndbox>
			<xmin>35</xmin>
			<xmax>358</xmax>
			<ymin>43</ymin>
			<ymax>491</ymax>
		</bndbox>
	</object>
	<metadata>
	</metadata>
</annotation>
