<annotation>
	<folder></folder>
	<filename>038_jpg.rf.42b5a2d61e0e04df587fca155f103d52.jpg</filename>
	<path>038_jpg.rf.42b5a2d61e0e04df587fca155f103d52.jpg</path>
	<source>
		<database>roboflow.com</database>
	</source>
	<size>
		<width>508</width>
		<height>508</height>
		<depth>3</depth>
	</size>
	<segmented>0</segmented>
	<object>
		<name>Other</name>
		<pose>Unspecified</pose>
		<truncated>0</truncated>
		<difficult>0</difficult>
		<occluded>0</occluded>
		<bndbox>
			<xmin>60</xmin>
			<xmax>330</xmax>
			<ymin>51</ymin>
			<ymax>296</ymax>
		</bndbox>
	</object>
	<metadata>
	</metadata>
</annotation>
