<annotation>
	<folder></folder>
	<filename>038_jpg.rf.1d5c624347740d0fd5782d0d5943dd07.jpg</filename>
	<path>038_jpg.rf.1d5c624347740d0fd5782d0d5943dd07.jpg</path>
	<source>
		<database>roboflow.com</database>
	</source>
	<size>
		<width>474</width>
		<height>474</height>
		<depth>3</depth>
	</size>
	<segmented>0</segmented>
	<object>
		<name>Amazon</name>
		<pose>Unspecified</pose>
		<truncated>0</truncated>
		<difficult>0</difficult>
		<occluded>0</occluded>
		<bndbox>
			<xmin>23</xmin>
			<xmax>346</xmax>
			<ymin>22</ymin>
			<ymax>470</ymax>
		</bndbox>
	</object>
	<metadata>
	</metadata>
</annotation>
