<annotation>
	<folder></folder>
	<filename>038_jpg.rf.988ae4195a8f68a6c3e6028afd4ab722.jpg</filename>
	<path>038_jpg.rf.988ae4195a8f68a6c3e6028afd4ab722.jpg</path>
	<source>
		<database>roboflow.com</database>
	</source>
	<size>
		<width>466</width>
		<height>466</height>
		<depth>3</depth>
	</size>
	<segmented>0</segmented>
	<object>
		<name>Other</name>
		<pose>Unspecified</pose>
		<truncated>0</truncated>
		<difficult>0</difficult>
		<occluded>0</occluded>
		<bndbox>
			<xmin>27</xmin>
			<xmax>297</xmax>
			<ymin>21</ymin>
			<ymax>266</ymax>
		</bndbox>
	</object>
	<metadata>
	</metadata>
</annotation>
