<annotation>
	<folder></folder>
	<filename>038_jpg.rf.7a4bcc5b8dcef2fbaf913222cabcd84e.jpg</filename>
	<path>038_jpg.rf.7a4bcc5b8dcef2fbaf913222cabcd84e.jpg</path>
	<source>
		<database>roboflow.com</database>
	</source>
	<size>
		<width>490</width>
		<height>490</height>
		<depth>3</depth>
	</size>
	<segmented>0</segmented>
	<object>
		<name>Amazon</name>
		<pose>Unspecified</pose>
		<truncated>0</truncated>
		<difficult>0</difficult>
		<occluded>0</occluded>
		<bndbox>
			<xmin>22</xmin>
			<xmax>345</xmax>
			<ymin>17</ymin>
			<ymax>465</ymax>
		</bndbox>
	</object>
	<metadata>
	</metadata>
</annotation>
