<annotation>
	<folder></folder>
	<filename>038_jpg.rf.faafe0e54e94726c6a2a86e773e874ec.jpg</filename>
	<path>038_jpg.rf.faafe0e54e94726c6a2a86e773e874ec.jpg</path>
	<source>
		<database>roboflow.com</database>
	</source>
	<size>
		<width>512</width>
		<height>512</height>
		<depth>3</depth>
	</size>
	<segmented>0</segmented>
	<object>
		<name>Other</name>
		<pose>Unspecified</pose>
		<truncated>0</truncated>
		<difficult>0</difficult>
		<occluded>0</occluded>
		<bndbox>
			<xmin>182</xmin>
			<xmax>452</xmax>
			<ymin>215</ymin>
			<ymax>460</ymax>
		</bndbox>
	</object>
	<metadata>
	</metadata>
</annotation>
