<annotation>
	<folder></folder>
	<filename>039_jpg.rf.55d72a4c4fcc291c089dcad076337beb.jpg</filename>
	<path>039_jpg.rf.55d72a4c4fcc291c089dcad076337beb.jpg</path>
	<source>
		<database>roboflow.com</database>
	</source>
	<size>
		<width>468</width>
		<height>468</height>
		<depth>3</depth>
	</size>
	<segmented>0</segmented>
	<object>
		<name>Amazon</name>
		<pose>Unspecified</pose>
		<truncated>0</truncated>
		<difficult>0</difficult>
		<occluded>0</occluded>
		<bndbox>
			<xmin>106</xmin>
			<xmax>429</xmax>
			<ymin>2</ymin>
			<ymax>431</ymax>
		</bndbox>
	</object>
	<metadata>
	</metadata>
</annotation>
