<annotation>
	<folder></folder>
	<filename>039_jpg.rf.5a4dcdf52f178ce61a20b61d5d02e423.jpg</filename>
	<path>039_jpg.rf.5a4dcdf52f178ce61a20b61d5d02e423.jpg</path>
	<source>
		<database>roboflow.com</database>
	</source>
	<size>
		<width>446</width>
		<height>446</height>
		<depth>3</depth>
	</size>
	<segmented>0</segmented>
	<object>
		<name>Other</name>
		<pose>Unspecified</pose>
		<truncated>0</truncated>
		<difficult>0</difficult>
		<occluded>0</occluded>
		<bndbox>
			<xmin>217</xmin>
			<xmax>331</xmax>
			<ymin>165</ymin>
			<ymax>245</ymax>
		</bndbox>
	</object>
	<object>
		<name>Other</name>
		<pose>Unspecified</pose>
		<truncated>0</truncated>
		<difficult>0</difficult>
		<occluded>0</occluded>
		<bndbox>
			<xmin>202</xmin>
			<xmax>337</xmax>
			<ymin>237</ymin>
			<ymax>328</ymax>
		</bndbox>
	</object>
	<object>
		<name>Other</name>
		<pose>Unspecified</pose>
		<truncated>0</truncated>
		<difficult>0</difficult>
		<occluded>0</occluded>
		<bndbox>
			<xmin>179</xmin>
			<xmax>366</xmax>
			<ymin>315</ymin>
			<ymax>412</ymax>
		</bndbox>
	</object>
	<metadata>
	</metadata>
</annotation>
