<annotation>
	<folder></folder>
	<filename>039_jpg.rf.bda749cc3ec2bb8536f4e757d68863cd.jpg</filename>
	<path>039_jpg.rf.bda749cc3ec2bb8536f4e757d68863cd.jpg</path>
	<source>
		<database>roboflow.com</database>
	</source>
	<size>
		<width>512</width>
		<height>512</height>
		<depth>3</depth>
	</size>
	<segmented>0</segmented>
	<object>
		<name>Other</name>
		<pose>Unspecified</pose>
		<truncated>0</truncated>
		<difficult>0</difficult>
		<occluded>0</occluded>
		<bndbox>
			<xmin>142</xmin>
			<xmax>256</xmax>
			<ymin>198</ymin>
			<ymax>278</ymax>
		</bndbox>
	</object>
	<object>
		<name>Other</name>
		<pose>Unspecified</pose>
		<truncated>0</truncated>
		<difficult>0</difficult>
		<occluded>0</occluded>
		<bndbox>
			<xmin>136</xmin>
			<xmax>271</xmax>
			<ymin>270</ymin>
			<ymax>361</ymax>
		</bndbox>
	</object>
	<object>
		<name>Other</name>
		<pose>Unspecified</pose>
		<truncated>0</truncated>
		<difficult>0</difficult>
		<occluded>0</occluded>
		<bndbox>
			<xmin>107</xmin>
			<xmax>294</xmax>
			<ymin>348</ymin>
			<ymax>445</ymax>
		</bndbox>
	</object>
	<metadata>
	</metadata>
</annotation>
