<annotation>
	<folder></folder>
	<filename>039_jpg.rf.57c5d1f52ab16f7833ed4d27da883ba4.jpg</filename>
	<path>039_jpg.rf.57c5d1f52ab16f7833ed4d27da883ba4.jpg</path>
	<source>
		<database>roboflow.com</database>
	</source>
	<size>
		<width>488</width>
		<height>488</height>
		<depth>3</depth>
	</size>
	<segmented>0</segmented>
	<object>
		<name>Amazon</name>
		<pose>Unspecified</pose>
		<truncated>0</truncated>
		<difficult>0</difficult>
		<occluded>0</occluded>
		<bndbox>
			<xmin>118</xmin>
			<xmax>441</xmax>
			<ymin>21</ymin>
			<ymax>450</ymax>
		</bndbox>
	</object>
	<metadata>
	</metadata>
</annotation>
