<annotation>
	<folder></folder>
	<filename>039_jpg.rf.d0307651478bd9896e5a087450a928f9.jpg</filename>
	<path>039_jpg.rf.d0307651478bd9896e5a087450a928f9.jpg</path>
	<source>
		<database>roboflow.com</database>
	</source>
	<size>
		<width>496</width>
		<height>496</height>
		<depth>3</depth>
	</size>
	<segmented>0</segmented>
	<object>
		<name>Other</name>
		<pose>Unspecified</pose>
		<truncated>0</truncated>
		<difficult>0</difficult>
		<occluded>0</occluded>
		<bndbox>
			<xmin>255</xmin>
			<xmax>369</xmax>
			<ymin>190</ymin>
			<ymax>270</ymax>
		</bndbox>
	</object>
	<object>
		<name>Other</name>
		<pose>Unspecified</pose>
		<truncated>0</truncated>
		<difficult>0</difficult>
		<occluded>0</occluded>
		<bndbox>
			<xmin>240</xmin>
			<xmax>375</xmax>
			<ymin>262</ymin>
			<ymax>353</ymax>
		</bndbox>
	</object>
	<object>
		<name>Other</name>
		<pose>Unspecified</pose>
		<truncated>0</truncated>
		<difficult>0</difficult>
		<occluded>0</occluded>
		<bndbox>
			<xmin>217</xmin>
			<xmax>404</xmax>
			<ymin>340</ymin>
			<ymax>437</ymax>
		</bndbox>
	</object>
	<metadata>
	</metadata>
</annotation>
