<annotation>
	<folder></folder>
	<filename>039_jpg.rf.78d60139835dd6b935ef805fe270128c.jpg</filename>
	<path>039_jpg.rf.78d60139835dd6b935ef805fe270128c.jpg</path>
	<source>
		<database>roboflow.com</database>
	</source>
	<size>
		<width>512</width>
		<height>512</height>
		<depth>3</depth>
	</size>
	<segmented>0</segmented>
	<object>
		<name>Amazon</name>
		<pose>Unspecified</pose>
		<truncated>0</truncated>
		<difficult>0</difficult>
		<occluded>0</occluded>
		<bndbox>
			<xmin>72</xmin>
			<xmax>395</xmax>
			<ymin>59</ymin>
			<ymax>488</ymax>
		</bndbox>
	</object>
	<metadata>
	</metadata>
</annotation>
