<annotation>
	<folder></folder>
	<filename>040_jpg.rf.f67ed595f551c05ff891a7d2eb0191bd.jpg</filename>
	<path>040_jpg.rf.f67ed595f551c05ff891a7d2eb0191bd.jpg</path>
	<source>
		<database>roboflow.com</database>
	</source>
	<size>
		<width>484</width>
		<height>484</height>
		<depth>3</depth>
	</size>
	<segmented>0</segmented>
	<object>
		<name>Amazon</name>
		<pose>Unspecified</pose>
		<truncated>0</truncated>
		<difficult>0</difficult>
		<occluded>0</occluded>
		<bndbox>
			<xmin>75</xmin>
			<xmax>415</xmax>
			<ymin>67</ymin>
			<ymax>364</ymax>
		</bndbox>
	</object>
	<metadata>
	</metadata>
</annotation>
