<annotation>
	<folder></folder>
	<filename>040_jpg.rf.4cd2a5fd69c192604a34e55bccdb4e41.jpg</filename>
	<path>040_jpg.rf.4cd2a5fd69c192604a34e55bccdb4e41.jpg</path>
	<source>
		<database>roboflow.com</database>
	</source>
	<size>
		<width>512</width>
		<height>512</height>
		<depth>3</depth>
	</size>
	<segmented>0</segmented>
	<object>
		<name>Amazon</name>
		<pose>Unspecified</pose>
		<truncated>0</truncated>
		<difficult>0</difficult>
		<occluded>0</occluded>
		<bndbox>
			<xmin>89</xmin>
			<xmax>429</xmax>
			<ymin>136</ymin>
			<ymax>433</ymax>
		</bndbox>
	</object>
	<metadata>
	</metadata>
</annotation>
