<annotation>
	<folder></folder>
	<filename>040_jpg.rf.fae83440e50bee6b8414115754de4bee.jpg</filename>
	<path>040_jpg.rf.fae83440e50bee6b8414115754de4bee.jpg</path>
	<source>
		<database>roboflow.com</database>
	</source>
	<size>
		<width>506</width>
		<height>506</height>
		<depth>3</depth>
	</size>
	<segmented>0</segmented>
	<object>
		<name>FedEx</name>
		<pose>Unspecified</pose>
		<truncated>0</truncated>
		<difficult>0</difficult>
		<occluded>0</occluded>
		<bndbox>
			<xmin>150</xmin>
			<xmax>303</xmax>
			<ymin>329</ymin>
			<ymax>507</ymax>
		</bndbox>
	</object>
	<metadata>
	</metadata>
</annotation>
