<annotation>
	<folder></folder>
	<filename>040_jpg.rf.361a8fbca815407834d46688e49bc7f4.jpg</filename>
	<path>040_jpg.rf.361a8fbca815407834d46688e49bc7f4.jpg</path>
	<source>
		<database>roboflow.com</database>
	</source>
	<size>
		<width>512</width>
		<height>512</height>
		<depth>3</depth>
	</size>
	<segmented>0</segmented>
	<object>
		<name>Other</name>
		<pose>Unspecified</pose>
		<truncated>0</truncated>
		<difficult>0</difficult>
		<occluded>0</occluded>
		<bndbox>
			<xmin>105</xmin>
			<xmax>269</xmax>
			<ymin>108</ymin>
			<ymax>282</ymax>
		</bndbox>
	</object>
	<metadata>
	</metadata>
</annotation>
