<annotation>
	<folder></folder>
	<filename>040_jpg.rf.9560969c77589fe8c043973744ff200e.jpg</filename>
	<path>040_jpg.rf.9560969c77589fe8c043973744ff200e.jpg</path>
	<source>
		<database>roboflow.com</database>
	</source>
	<size>
		<width>466</width>
		<height>466</height>
		<depth>3</depth>
	</size>
	<segmented>0</segmented>
	<object>
		<name>Other</name>
		<pose>Unspecified</pose>
		<truncated>0</truncated>
		<difficult>0</difficult>
		<occluded>0</occluded>
		<bndbox>
			<xmin>75</xmin>
			<xmax>239</xmax>
			<ymin>67</ymin>
			<ymax>241</ymax>
		</bndbox>
	</object>
	<metadata>
	</metadata>
</annotation>
