<annotation>
	<folder></folder>
	<filename>040_jpg.rf.aecb67cdb75fcb4d19aebd257281d730.jpg</filename>
	<path>040_jpg.rf.aecb67cdb75fcb4d19aebd257281d730.jpg</path>
	<source>
		<database>roboflow.com</database>
	</source>
	<size>
		<width>446</width>
		<height>446</height>
		<depth>3</depth>
	</size>
	<segmented>0</segmented>
	<object>
		<name>Other</name>
		<pose>Unspecified</pose>
		<truncated>0</truncated>
		<difficult>0</difficult>
		<occluded>0</occluded>
		<bndbox>
			<xmin>100</xmin>
			<xmax>264</xmax>
			<ymin>169</ymin>
			<ymax>343</ymax>
		</bndbox>
	</object>
	<metadata>
	</metadata>
</annotation>
