<annotation>
	<folder></folder>
	<filename>040_jpg.rf.a4d43c034a362e25690993483d9a862c.jpg</filename>
	<path>040_jpg.rf.a4d43c034a362e25690993483d9a862c.jpg</path>
	<source>
		<database>roboflow.com</database>
	</source>
	<size>
		<width>454</width>
		<height>454</height>
		<depth>3</depth>
	</size>
	<segmented>0</segmented>
	<object>
		<name>FedEx</name>
		<pose>Unspecified</pose>
		<truncated>0</truncated>
		<difficult>0</difficult>
		<occluded>0</occluded>
		<bndbox>
			<xmin>167</xmin>
			<xmax>320</xmax>
			<ymin>320</ymin>
			<ymax>455</ymax>
		</bndbox>
	</object>
	<metadata>
	</metadata>
</annotation>
