<annotation>
	<folder></folder>
	<filename>040_jpg.rf.5aefd255c3761ff0d300775a93512540.jpg</filename>
	<path>040_jpg.rf.5aefd255c3761ff0d300775a93512540.jpg</path>
	<source>
		<database>roboflow.com</database>
	</source>
	<size>
		<width>468</width>
		<height>468</height>
		<depth>3</depth>
	</size>
	<segmented>0</segmented>
	<object>
		<name>Amazon</name>
		<pose>Unspecified</pose>
		<truncated>0</truncated>
		<difficult>0</difficult>
		<occluded>0</occluded>
		<bndbox>
			<xmin>50</xmin>
			<xmax>390</xmax>
			<ymin>49</ymin>
			<ymax>346</ymax>
		</bndbox>
	</object>
	<metadata>
	</metadata>
</annotation>
