<annotation>
	<folder></folder>
	<filename>041_jpg.rf.d6c94046a787e822bba702197ec59791.jpg</filename>
	<path>041_jpg.rf.d6c94046a787e822bba702197ec59791.jpg</path>
	<source>
		<database>roboflow.com</database>
	</source>
	<size>
		<width>512</width>
		<height>512</height>
		<depth>3</depth>
	</size>
	<segmented>0</segmented>
	<object>
		<name>FedEx</name>
		<pose>Unspecified</pose>
		<truncated>0</truncated>
		<difficult>0</difficult>
		<occluded>0</occluded>
		<bndbox>
			<xmin>37</xmin>
			<xmax>283</xmax>
			<ymin>140</ymin>
			<ymax>427</ymax>
		</bndbox>
	</object>
	<metadata>
	</metadata>
</annotation>
