<annotation>
	<folder></folder>
	<filename>041_jpg.rf.2a21cfb291f28ca88f22fdd81e98e83c.jpg</filename>
	<path>041_jpg.rf.2a21cfb291f28ca88f22fdd81e98e83c.jpg</path>
	<source>
		<database>roboflow.com</database>
	</source>
	<size>
		<width>454</width>
		<height>454</height>
		<depth>3</depth>
	</size>
	<segmented>0</segmented>
	<object>
		<name>Other</name>
		<pose>Unspecified</pose>
		<truncated>0</truncated>
		<difficult>0</difficult>
		<occluded>0</occluded>
		<bndbox>
			<xmin>163</xmin>
			<xmax>304</xmax>
			<ymin>160</ymin>
			<ymax>266</ymax>
		</bndbox>
	</object>
	<object>
		<name>Other</name>
		<pose>Unspecified</pose>
		<truncated>0</truncated>
		<difficult>0</difficult>
		<occluded>0</occluded>
		<bndbox>
			<xmin>160</xmin>
			<xmax>274</xmax>
			<ymin>4</ymin>
			<ymax>166</ymax>
		</bndbox>
	</object>
	<metadata>
	</metadata>
</annotation>
