<annotation>
	<folder></folder>
	<filename>041_jpg.rf.de331deedacd1668375e14e62d86b33d.jpg</filename>
	<path>041_jpg.rf.de331deedacd1668375e14e62d86b33d.jpg</path>
	<source>
		<database>roboflow.com</database>
	</source>
	<size>
		<width>512</width>
		<height>512</height>
		<depth>3</depth>
	</size>
	<segmented>0</segmented>
	<object>
		<name>Other</name>
		<pose>Unspecified</pose>
		<truncated>0</truncated>
		<difficult>0</difficult>
		<occluded>0</occluded>
		<bndbox>
			<xmin>209</xmin>
			<xmax>350</xmax>
			<ymin>222</ymin>
			<ymax>328</ymax>
		</bndbox>
	</object>
	<object>
		<name>Other</name>
		<pose>Unspecified</pose>
		<truncated>0</truncated>
		<difficult>0</difficult>
		<occluded>0</occluded>
		<bndbox>
			<xmin>206</xmin>
			<xmax>320</xmax>
			<ymin>322</ymin>
			<ymax>484</ymax>
		</bndbox>
	</object>
	<metadata>
	</metadata>
</annotation>
