<annotation>
	<folder></folder>
	<filename>041_jpg.rf.076da18f6d1057cd2121421bfb93bc22.jpg</filename>
	<path>041_jpg.rf.076da18f6d1057cd2121421bfb93bc22.jpg</path>
	<source>
		<database>roboflow.com</database>
	</source>
	<size>
		<width>448</width>
		<height>448</height>
		<depth>3</depth>
	</size>
	<segmented>0</segmented>
	<object>
		<name>Other</name>
		<pose>Unspecified</pose>
		<truncated>0</truncated>
		<difficult>0</difficult>
		<occluded>0</occluded>
		<bndbox>
			<xmin>174</xmin>
			<xmax>315</xmax>
			<ymin>148</ymin>
			<ymax>254</ymax>
		</bndbox>
	</object>
	<object>
		<name>Other</name>
		<pose>Unspecified</pose>
		<truncated>0</truncated>
		<difficult>0</difficult>
		<occluded>0</occluded>
		<bndbox>
			<xmin>171</xmin>
			<xmax>285</xmax>
			<ymin>1</ymin>
			<ymax>155</ymax>
		</bndbox>
	</object>
	<metadata>
	</metadata>
</annotation>
