<annotation>
	<folder></folder>
	<filename>041_jpg.rf.3488b794c8c0d90307212b4011559c54.jpg</filename>
	<path>041_jpg.rf.3488b794c8c0d90307212b4011559c54.jpg</path>
	<source>
		<database>roboflow.com</database>
	</source>
	<size>
		<width>468</width>
		<height>468</height>
		<depth>3</depth>
	</size>
	<segmented>0</segmented>
	<object>
		<name>FedEx</name>
		<pose>Unspecified</pose>
		<truncated>0</truncated>
		<difficult>0</difficult>
		<occluded>0</occluded>
		<bndbox>
			<xmin>1</xmin>
			<xmax>247</xmax>
			<ymin>138</ymin>
			<ymax>425</ymax>
		</bndbox>
	</object>
	<metadata>
	</metadata>
</annotation>
