<annotation>
	<folder></folder>
	<filename>041_jpg.rf.9cb8da4566265098de776f85bac6d376.jpg</filename>
	<path>041_jpg.rf.9cb8da4566265098de776f85bac6d376.jpg</path>
	<source>
		<database>roboflow.com</database>
	</source>
	<size>
		<width>468</width>
		<height>468</height>
		<depth>3</depth>
	</size>
	<segmented>0</segmented>
	<object>
		<name>FedEx</name>
		<pose>Unspecified</pose>
		<truncated>0</truncated>
		<difficult>0</difficult>
		<occluded>0</occluded>
		<bndbox>
			<xmin>207</xmin>
			<xmax>453</xmax>
			<ymin>63</ymin>
			<ymax>350</ymax>
		</bndbox>
	</object>
	<metadata>
	</metadata>
</annotation>
