<annotation>
	<folder></folder>
	<filename>042_jpg.rf.001760c509f3542ec29975dfce095edc.jpg</filename>
	<path>042_jpg.rf.001760c509f3542ec29975dfce095edc.jpg</path>
	<source>
		<database>roboflow.com</database>
	</source>
	<size>
		<width>512</width>
		<height>512</height>
		<depth>3</depth>
	</size>
	<segmented>0</segmented>
	<object>
		<name>Other</name>
		<pose>Unspecified</pose>
		<truncated>0</truncated>
		<difficult>0</difficult>
		<occluded>0</occluded>
		<bndbox>
			<xmin>153</xmin>
			<xmax>413</xmax>
			<ymin>253</ymin>
			<ymax>460</ymax>
		</bndbox>
	</object>
	<metadata>
	</metadata>
</annotation>
