<annotation>
	<folder></folder>
	<filename>042_jpg.rf.d67f82f62fced26e0e187e31065ac47b.jpg</filename>
	<path>042_jpg.rf.d67f82f62fced26e0e187e31065ac47b.jpg</path>
	<source>
		<database>roboflow.com</database>
	</source>
	<size>
		<width>500</width>
		<height>500</height>
		<depth>3</depth>
	</size>
	<segmented>0</segmented>
	<object>
		<name>Other</name>
		<pose>Unspecified</pose>
		<truncated>0</truncated>
		<difficult>0</difficult>
		<occluded>0</occluded>
		<bndbox>
			<xmin>149</xmin>
			<xmax>409</xmax>
			<ymin>251</ymin>
			<ymax>458</ymax>
		</bndbox>
	</object>
	<metadata>
	</metadata>
</annotation>
