<annotation>
	<folder></folder>
	<filename>042_jpg.rf.e9fcf81c3ca957b9fb795bb3c8a04429.jpg</filename>
	<path>042_jpg.rf.e9fcf81c3ca957b9fb795bb3c8a04429.jpg</path>
	<source>
		<database>roboflow.com</database>
	</source>
	<size>
		<width>446</width>
		<height>446</height>
		<depth>3</depth>
	</size>
	<segmented>0</segmented>
	<object>
		<name>Other</name>
		<pose>Unspecified</pose>
		<truncated>0</truncated>
		<difficult>0</difficult>
		<occluded>0</occluded>
		<bndbox>
			<xmin>53</xmin>
			<xmax>313</xmax>
			<ymin>3</ymin>
			<ymax>210</ymax>
		</bndbox>
	</object>
	<metadata>
	</metadata>
</annotation>
