<annotation>
	<folder></folder>
	<filename>043_jpg.rf.672224b8808d98cad52d5daee92a6f17.jpg</filename>
	<path>043_jpg.rf.672224b8808d98cad52d5daee92a6f17.jpg</path>
	<source>
		<database>roboflow.com</database>
	</source>
	<size>
		<width>446</width>
		<height>446</height>
		<depth>3</depth>
	</size>
	<segmented>0</segmented>
	<object>
		<name>Amazon</name>
		<pose>Unspecified</pose>
		<truncated>0</truncated>
		<difficult>0</difficult>
		<occluded>0</occluded>
		<bndbox>
			<xmin>10</xmin>
			<xmax>314</xmax>
			<ymin>1</ymin>
			<ymax>381</ymax>
		</bndbox>
	</object>
	<metadata>
	</metadata>
</annotation>
