<annotation>
	<folder></folder>
	<filename>043_jpg.rf.8ab6d33c523a6a982dfabb517409b09a.jpg</filename>
	<path>043_jpg.rf.8ab6d33c523a6a982dfabb517409b09a.jpg</path>
	<source>
		<database>roboflow.com</database>
	</source>
	<size>
		<width>462</width>
		<height>462</height>
		<depth>3</depth>
	</size>
	<segmented>0</segmented>
	<object>
		<name>Amazon</name>
		<pose>Unspecified</pose>
		<truncated>0</truncated>
		<difficult>0</difficult>
		<occluded>0</occluded>
		<bndbox>
			<xmin>39</xmin>
			<xmax>343</xmax>
			<ymin>88</ymin>
			<ymax>463</ymax>
		</bndbox>
	</object>
	<metadata>
	</metadata>
</annotation>
