<annotation>
	<folder></folder>
	<filename>043_jpg.rf.95eb7c9160caddfb7e7be1e6668039ed.jpg</filename>
	<path>043_jpg.rf.95eb7c9160caddfb7e7be1e6668039ed.jpg</path>
	<source>
		<database>roboflow.com</database>
	</source>
	<size>
		<width>484</width>
		<height>484</height>
		<depth>3</depth>
	</size>
	<segmented>0</segmented>
	<object>
		<name>Other</name>
		<pose>Unspecified</pose>
		<truncated>0</truncated>
		<difficult>0</difficult>
		<occluded>0</occluded>
		<bndbox>
			<xmin>109</xmin>
			<xmax>345</xmax>
			<ymin>110</ymin>
			<ymax>358</ymax>
		</bndbox>
	</object>
	<object>
		<name>Other</name>
		<pose>Unspecified</pose>
		<truncated>0</truncated>
		<difficult>0</difficult>
		<occluded>0</occluded>
		<bndbox>
			<xmin>90</xmin>
			<xmax>400</xmax>
			<ymin>32</ymin>
			<ymax>172</ymax>
		</bndbox>
	</object>
	<metadata>
	</metadata>
</annotation>
