<annotation>
	<folder></folder>
	<filename>043_jpg.rf.70ffc0998d9f5b2ba5e60483eedcb177.jpg</filename>
	<path>043_jpg.rf.70ffc0998d9f5b2ba5e60483eedcb177.jpg</path>
	<source>
		<database>roboflow.com</database>
	</source>
	<size>
		<width>482</width>
		<height>482</height>
		<depth>3</depth>
	</size>
	<segmented>0</segmented>
	<object>
		<name>Other</name>
		<pose>Unspecified</pose>
		<truncated>0</truncated>
		<difficult>0</difficult>
		<occluded>0</occluded>
		<bndbox>
			<xmin>107</xmin>
			<xmax>343</xmax>
			<ymin>118</ymin>
			<ymax>366</ymax>
		</bndbox>
	</object>
	<object>
		<name>Other</name>
		<pose>Unspecified</pose>
		<truncated>0</truncated>
		<difficult>0</difficult>
		<occluded>0</occluded>
		<bndbox>
			<xmin>88</xmin>
			<xmax>398</xmax>
			<ymin>304</ymin>
			<ymax>444</ymax>
		</bndbox>
	</object>
	<metadata>
	</metadata>
</annotation>
