<annotation>
	<folder></folder>
	<filename>043_jpg.rf.a09faffc474c54c911e742a74a78a885.jpg</filename>
	<path>043_jpg.rf.a09faffc474c54c911e742a74a78a885.jpg</path>
	<source>
		<database>roboflow.com</database>
	</source>
	<size>
		<width>512</width>
		<height>512</height>
		<depth>3</depth>
	</size>
	<segmented>0</segmented>
	<object>
		<name>Other</name>
		<pose>Unspecified</pose>
		<truncated>0</truncated>
		<difficult>0</difficult>
		<occluded>0</occluded>
		<bndbox>
			<xmin>112</xmin>
			<xmax>348</xmax>
			<ymin>136</ymin>
			<ymax>384</ymax>
		</bndbox>
	</object>
	<object>
		<name>Other</name>
		<pose>Unspecified</pose>
		<truncated>0</truncated>
		<difficult>0</difficult>
		<occluded>0</occluded>
		<bndbox>
			<xmin>93</xmin>
			<xmax>403</xmax>
			<ymin>322</ymin>
			<ymax>462</ymax>
		</bndbox>
	</object>
	<metadata>
	</metadata>
</annotation>
