<annotation>
	<folder></folder>
	<filename>043_jpg.rf.e43d2d686116459af9479491eb5b7b18.jpg</filename>
	<path>043_jpg.rf.e43d2d686116459af9479491eb5b7b18.jpg</path>
	<source>
		<database>roboflow.com</database>
	</source>
	<size>
		<width>512</width>
		<height>512</height>
		<depth>3</depth>
	</size>
	<segmented>0</segmented>
	<object>
		<name>Amazon</name>
		<pose>Unspecified</pose>
		<truncated>0</truncated>
		<difficult>0</difficult>
		<occluded>0</occluded>
		<bndbox>
			<xmin>43</xmin>
			<xmax>347</xmax>
			<ymin>116</ymin>
			<ymax>512</ymax>
		</bndbox>
	</object>
	<metadata>
	</metadata>
</annotation>
