<annotation>
	<folder></folder>
	<filename>044_jpg.rf.a677a561566356d35b1afbad54eae3da.jpg</filename>
	<path>044_jpg.rf.a677a561566356d35b1afbad54eae3da.jpg</path>
	<source>
		<database>roboflow.com</database>
	</source>
	<size>
		<width>512</width>
		<height>512</height>
		<depth>3</depth>
	</size>
	<segmented>0</segmented>
	<object>
		<name>Amazon</name>
		<pose>Unspecified</pose>
		<truncated>0</truncated>
		<difficult>0</difficult>
		<occluded>0</occluded>
		<bndbox>
			<xmin>111</xmin>
			<xmax>373</xmax>
			<ymin>104</ymin>
			<ymax>279</ymax>
		</bndbox>
	</object>
	<object>
		<name>Amazon</name>
		<pose>Unspecified</pose>
		<truncated>0</truncated>
		<difficult>0</difficult>
		<occluded>0</occluded>
		<bndbox>
			<xmin>64</xmin>
			<xmax>425</xmax>
			<ymin>278</ymin>
			<ymax>434</ymax>
		</bndbox>
	</object>
	<metadata>
	</metadata>
</annotation>
