<annotation>
	<folder></folder>
	<filename>044_jpg.rf.805929733f06ab9b5c0689100bc9cda2.jpg</filename>
	<path>044_jpg.rf.805929733f06ab9b5c0689100bc9cda2.jpg</path>
	<source>
		<database>roboflow.com</database>
	</source>
	<size>
		<width>468</width>
		<height>468</height>
		<depth>3</depth>
	</size>
	<segmented>0</segmented>
	<object>
		<name>Other</name>
		<pose>Unspecified</pose>
		<truncated>0</truncated>
		<difficult>0</difficult>
		<occluded>0</occluded>
		<bndbox>
			<xmin>2</xmin>
			<xmax>227</xmax>
			<ymin>24</ymin>
			<ymax>264</ymax>
		</bndbox>
	</object>
	<metadata>
	</metadata>
</annotation>
