<annotation>
	<folder></folder>
	<filename>044_jpg.rf.f696e244ca09d2a559d77d2a74766e4c.jpg</filename>
	<path>044_jpg.rf.f696e244ca09d2a559d77d2a74766e4c.jpg</path>
	<source>
		<database>roboflow.com</database>
	</source>
	<size>
		<width>448</width>
		<height>448</height>
		<depth>3</depth>
	</size>
	<segmented>0</segmented>
	<object>
		<name>Amazon</name>
		<pose>Unspecified</pose>
		<truncated>0</truncated>
		<difficult>0</difficult>
		<occluded>0</occluded>
		<bndbox>
			<xmin>85</xmin>
			<xmax>347</xmax>
			<ymin>209</ymin>
			<ymax>384</ymax>
		</bndbox>
	</object>
	<object>
		<name>Amazon</name>
		<pose>Unspecified</pose>
		<truncated>0</truncated>
		<difficult>0</difficult>
		<occluded>0</occluded>
		<bndbox>
			<xmin>38</xmin>
			<xmax>399</xmax>
			<ymin>54</ymin>
			<ymax>210</ymax>
		</bndbox>
	</object>
	<metadata>
	</metadata>
</annotation>
