<annotation>
	<folder></folder>
	<filename>044_jpg.rf.5bb1408d1f29dd87154c72e500874cee.jpg</filename>
	<path>044_jpg.rf.5bb1408d1f29dd87154c72e500874cee.jpg</path>
	<source>
		<database>roboflow.com</database>
	</source>
	<size>
		<width>490</width>
		<height>490</height>
		<depth>3</depth>
	</size>
	<segmented>0</segmented>
	<object>
		<name>Amazon</name>
		<pose>Unspecified</pose>
		<truncated>0</truncated>
		<difficult>0</difficult>
		<occluded>0</occluded>
		<bndbox>
			<xmin>105</xmin>
			<xmax>367</xmax>
			<ymin>101</ymin>
			<ymax>276</ymax>
		</bndbox>
	</object>
	<object>
		<name>Amazon</name>
		<pose>Unspecified</pose>
		<truncated>0</truncated>
		<difficult>0</difficult>
		<occluded>0</occluded>
		<bndbox>
			<xmin>58</xmin>
			<xmax>419</xmax>
			<ymin>275</ymin>
			<ymax>431</ymax>
		</bndbox>
	</object>
	<metadata>
	</metadata>
</annotation>
