<annotation>
	<folder></folder>
	<filename>044_jpg.rf.240d752eedcbbfd555ee479aa1c1bb1c.jpg</filename>
	<path>044_jpg.rf.240d752eedcbbfd555ee479aa1c1bb1c.jpg</path>
	<source>
		<database>roboflow.com</database>
	</source>
	<size>
		<width>512</width>
		<height>512</height>
		<depth>3</depth>
	</size>
	<segmented>0</segmented>
	<object>
		<name>Other</name>
		<pose>Unspecified</pose>
		<truncated>0</truncated>
		<difficult>0</difficult>
		<occluded>0</occluded>
		<bndbox>
			<xmin>258</xmin>
			<xmax>483</xmax>
			<ymin>206</ymin>
			<ymax>446</ymax>
		</bndbox>
	</object>
	<metadata>
	</metadata>
</annotation>
