<annotation>
	<folder></folder>
	<filename>045_jpg.rf.2eb3f89088b6a81995101067940fbc80.jpg</filename>
	<path>045_jpg.rf.2eb3f89088b6a81995101067940fbc80.jpg</path>
	<source>
		<database>roboflow.com</database>
	</source>
	<size>
		<width>512</width>
		<height>512</height>
		<depth>3</depth>
	</size>
	<segmented>0</segmented>
	<object>
		<name>Amazon</name>
		<pose>Unspecified</pose>
		<truncated>0</truncated>
		<difficult>0</difficult>
		<occluded>0</occluded>
		<bndbox>
			<xmin>82</xmin>
			<xmax>336</xmax>
			<ymin>85</ymin>
			<ymax>424</ymax>
		</bndbox>
	</object>
	<metadata>
	</metadata>
</annotation>
