<annotation>
	<folder></folder>
	<filename>045_jpg.rf.8cd31b7693bad0d360454e84f84c8fed.jpg</filename>
	<path>045_jpg.rf.8cd31b7693bad0d360454e84f84c8fed.jpg</path>
	<source>
		<database>roboflow.com</database>
	</source>
	<size>
		<width>492</width>
		<height>492</height>
		<depth>3</depth>
	</size>
	<segmented>0</segmented>
	<object>
		<name>Amazon</name>
		<pose>Unspecified</pose>
		<truncated>0</truncated>
		<difficult>0</difficult>
		<occluded>0</occluded>
		<bndbox>
			<xmin>163</xmin>
			<xmax>417</xmax>
			<ymin>86</ymin>
			<ymax>425</ymax>
		</bndbox>
	</object>
	<metadata>
	</metadata>
</annotation>
