<annotation>
	<folder></folder>
	<filename>045_jpg.rf.de7e6355a91fed098ac46075a1c0ba5a.jpg</filename>
	<path>045_jpg.rf.de7e6355a91fed098ac46075a1c0ba5a.jpg</path>
	<source>
		<database>roboflow.com</database>
	</source>
	<size>
		<width>482</width>
		<height>482</height>
		<depth>3</depth>
	</size>
	<segmented>0</segmented>
	<object>
		<name>Amazon</name>
		<pose>Unspecified</pose>
		<truncated>0</truncated>
		<difficult>0</difficult>
		<occluded>0</occluded>
		<bndbox>
			<xmin>159</xmin>
			<xmax>413</xmax>
			<ymin>66</ymin>
			<ymax>405</ymax>
		</bndbox>
	</object>
	<metadata>
	</metadata>
</annotation>
